Trade #,Type,Signal,Date/Time,Price,Contracts,Profit €,Profit %,Cum. Profit €,Cum. Profit %,Run-up €,Run-up %,Drawdown €,Drawdown %
1,Entry Short,Short,2021-05-17 21:20,2.1682,18,0.63,1.76,0.63,15.65,0.64,1.72,0.11,0.2
1,Exit Short,Short Exit,2021-05-17 21:35,2.1317,18,0.63,1.76,0.63,15.65,0.64,1.72,0.11,0.2
2,Entry Long,Long,2021-05-17 22:05,2.1446,18,-0.17,-0.44,0.45,-3.7,0.04,0.11,0.25,0.66
2,Exit Long,Long Exit,2021-05-17 22:10,2.1368,18,-0.17,-0.44,0.45,-3.7,0.04,0.11,0.25,0.66
3,Entry Short,Short,2021-05-18 09:00,2.0309,19,-0.26,-0.52,0.19,-5.9,0.54,1.48,0.27,0.61
3,Exit Short,Short Exit,2021-05-18 09:05,2.0431,19,-0.26,-0.52,0.19,-5.9,0.54,1.48,0.27,0.61
4,Entry Long,Long,2021-05-18 18:40,2.0941,19,0.27,0.69,0.47,6.53,0.29,0.73,0.20,0.5
4,Exit Long,Long Exit,2021-05-18 19:10,2.1102,19,0.27,0.69,0.47,6.53,0.29,0.73,0.20,0.5
5,Entry Long,Long,2021-05-18 23:30,2.0065,19,-0.47,-1.22,0.001,-10.42,0.08,0.2,0.49,1.28
5,Exit Long,Long Exit,2021-05-18 23:35,1.9836,19,-0.47,-1.22,0.001,-10.42,0.08,0.2,0.49,1.28
6,Entry Short,Short,2021-05-19 00:40,2.0095,19,0.51,1.48,0.51,12.63,0.52,1.44,0.28,0.64
6,Exit Short,Short Exit,2021-05-19 01:10,1.9813,19,0.51,1.48,0.51,12.63,0.52,1.44,0.28,0.64
7,Entry Long,Long,2021-05-19 04:55,2.0299,19,-0.14,-0.37,0.36,-3.17,0.12,0.3,0.13,0.33
7,Exit Long,Long Exit,2021-05-19 05:00,2.0240,19,-0.14,-0.37,0.36,-3.17,0.12,0.3,0.13,0.33
8,Entry Long,Long,2021-05-19 07:05,2.0015,19,0.07,0.17,0.43,1.52,0.12,0.31,0.12,0.3
8,Exit Long,Long Exit,2021-05-19 07:10,2.0066,19,0.07,0.17,0.43,1.52,0.12,0.31,0.12,0.3
9,Entry Short,Short,2021-05-19 07:55,2.0155,19,0.41,1.22,0.84,9.18,0.42,1.18,0.09,0.14
9,Exit Short,Short Exit,2021-05-19 08:00,1.9925,19,0.41,1.22,0.84,9.18,0.42,1.18,0.09,0.14
10,Entry Short,Short,2021-05-19 09:35,2.0038,19,0.28,0.88,1.11,5.7,0.29,0.84,0.13,0.26
10,Exit Short,Short Exit,2021-05-19 09:45,1.9877,19,0.28,0.88,1.11,5.7,0.29,0.84,0.13,0.26
11,Entry Long,Long,2021-05-19 12:25,1.8512,21,-0.83,-2.13,0.28,-16.17,0.40,1.03,0.81,2.09
11,Exit Long,Long Exit,2021-05-19 13:05,1.8133,21,-0.83,-2.13,0.28,-16.17,0.40,1.03,0.81,2.09
12,Entry Short,Short,2021-05-19 14:40,1.7143,23,-1.30,-3.14,-1.02,-30.38,0.47,1.27,1.29,3.18
12,Exit Short,Short Exit,2021-05-19 15:10,1.7695,23,-1.30,-3.14,-1.02,-30.38,0.47,1.27,1.29,3.18
13,Entry Short,Short,2021-05-19 15:25,1.7461,22,0.53,1.53,-0.49,17.63,0.54,1.49,0.27,0.62
13,Exit Short,Short Exit,2021-05-19 15:45,1.7208,22,0.53,1.53,-0.49,17.63,0.54,1.49,0.27,0.62
14,Entry Long,Long,2021-05-19 20:05,1.6930,23,-0.40,-1.02,-0.89,-11.37,0.32,0.82,0.38,0.99
14,Exit Long,Long Exit,2021-05-19 20:10,1.6770,23,-0.40,-1.02,-0.89,-11.37,0.32,0.82,0.38,0.99
15,Entry Long,Long,2021-05-20 09:15,1.5426,25,-1.12,-2.91,-2.01,-36.02,0.36,0.95,1.11,2.87
15,Exit Long,Long Exit,2021-05-20 09:20,1.4990,25,-1.12,-2.91,-2.01,-36.02,0.36,0.95,1.11,2.87
16,Entry Short,Short,2021-05-21 14:55,1.7269,23,0.28,0.87,-1.73,14.13,0.54,1.45,0.02,0
16,Exit Short,Short Exit,2021-05-21 15:00,1.7133,23,0.28,0.87,-1.73,14.13,0.54,1.45,0.02,0
17,Entry Long,Long,2021-05-21 15:30,1.7039,23,0.56,1.44,-1.16,24.84,0.64,1.64,0.03,0.08
17,Exit Long,Long Exit,2021-05-21 15:35,1.7298,23,0.56,1.44,-1.16,24.84,0.64,1.64,0.03,0.08
18,Entry Short,Short,2021-05-21 16:15,1.7147,23,0.64,1.78,-0.53,22.5,0.65,1.74,0.28,0.64
18,Exit Short,Short Exit,2021-05-21 17:05,1.6856,23,0.64,1.78,-0.53,22.5,0.65,1.74,0.28,0.64
19,Entry Short,Short,2021-05-21 21:20,1.7038,23,0.27,0.84,-0.26,7.71,0.28,0.8,0.08,0.14
19,Exit Short,Short Exit,2021-05-21 21:25,1.6908,23,0.27,0.84,-0.26,7.71,0.28,0.8,0.08,0.14
20,Entry Long,Long,2021-05-21 22:15,1.6788,23,0.34,0.88,0.08,9.07,0.35,0.92,0.05,0.12
20,Exit Long,Long Exit,2021-05-21 22:20,1.6949,23,0.34,0.88,0.08,9.07,0.35,0.92,0.05,0.12
21,Entry Short,Short,2021-05-21 23:15,1.6708,23,1.18,3.22,1.26,28.85,1.67,4.42,0.25,0.56
21,Exit Short,Short Exit,2021-05-21 23:20,1.6183,23,1.18,3.22,1.26,28.85,1.67,4.42,0.25,0.56
22,Entry Long,Long,2021-05-22 00:00,1.5877,25,0.35,0.89,1.61,6.72,0.37,0.93,1.39,3.5
22,Exit Long,Long Exit,2021-05-22 00:05,1.6031,25,0.35,0.89,1.61,6.72,0.37,0.93,1.39,3.5
23,Entry Short,Short,2021-05-22 01:50,1.5831,25,0.65,1.8,2.26,11.56,0.74,1.96,0.25,0.55
23,Exit Short,Short Exit,2021-05-22 01:55,1.5559,25,0.65,1.8,2.26,11.56,0.74,1.96,0.25,0.55
24,Entry Short,Short,2021-05-22 03:10,1.5530,25,0.84,2.33,3.10,13.49,0.86,2.29,0.25,0.57
24,Exit Short,Short Exit,2021-05-22 03:20,1.5180,25,0.84,2.33,3.10,13.49,0.86,2.29,0.25,0.57
25,Entry Short,Short,2021-05-22 04:10,1.5450,25,0.64,1.82,3.75,9.04,0.66,1.78,0.56,1.38
25,Exit Short,Short Exit,2021-05-22 04:20,1.5181,25,0.64,1.82,3.75,9.04,0.66,1.78,0.56,1.38
26,Entry Long,Long,2021-05-22 05:35,1.4393,27,0.50,1.29,4.25,6.46,0.78,2.01,0.03,0.08
26,Exit Long,Long Exit,2021-05-22 05:40,1.4590,27,0.50,1.29,4.25,6.46,0.78,2.01,0.03,0.08
27,Entry Short,Short,2021-05-22 11:35,1.5545,25,0.63,1.79,4.88,7.69,0.65,1.75,0.14,0.28
27,Exit Short,Short Exit,2021-05-22 11:40,1.5279,25,0.63,1.79,4.88,7.69,0.65,1.75,0.14,0.28
28,Entry Long,Long,2021-05-22 14:40,1.4247,28,1.58,3.95,6.46,17.76,1.59,4,1.41,3.53
28,Exit Long,Long Exit,2021-05-22 17:15,1.4822,28,1.58,3.95,6.46,17.76,1.59,4,1.41,3.53
29,Entry Short,Short,2021-05-23 01:40,1.5325,26,0.65,1.79,7.11,6.21,0.67,1.75,0.41,0.94
29,Exit Short,Short Exit,2021-05-23 02:20,1.5063,26,0.65,1.79,7.11,6.21,0.67,1.75,0.41,0.94
30,Entry Long,Long,2021-05-23 03:50,1.4621,27,-0.75,-1.89,6.36,-6.72,0.47,1.2,0.73,1.85
30,Exit Long,Long Exit,2021-05-23 04:55,1.4356,27,-0.75,-1.89,6.36,-6.72,0.47,1.2,0.73,1.85
31,Entry Short,Short,2021-05-23 05:55,1.4853,26,0.08,0.38,6.44,0.81,0.11,0.38,0.04,0.03
31,Exit Short,Short Exit,2021-05-23 06:00,1.4809,26,0.08,0.38,6.44,0.81,0.11,0.38,0.04,0.03
32,Entry Short,Short,2021-05-23 08:30,1.4933,26,0.32,0.98,6.76,3.04,0.33,0.94,0.05,0.05
32,Exit Short,Short Exit,2021-05-23 08:35,1.4799,26,0.32,0.98,6.76,3.04,0.33,0.94,0.05,0.05
33,Entry Long,Long,2021-05-23 09:20,1.4901,26,0.93,2.41,7.69,8.67,0.95,2.45,0.24,0.61
33,Exit Long,Long Exit,2021-05-23 09:45,1.5272,26,0.93,2.41,7.69,8.67,0.95,2.45,0.24,0.61
34,Entry Short,Short,2021-05-23 13:00,1.4810,27,0.42,1.22,8.12,3.63,0.47,1.26,0.02,0
34,Exit Short,Short Exit,2021-05-23 13:05,1.4641,27,0.42,1.22,8.12,3.63,0.47,1.26,0.02,0
35,Entry Long,Long,2021-05-23 13:40,1.4710,27,0.29,0.74,8.41,2.41,0.34,0.85,0.02,0.05
35,Exit Long,Long Exit,2021-05-23 13:45,1.4830,27,0.29,0.74,8.41,2.41,0.34,0.85,0.02,0.05
36,Entry Long,Long,2021-05-23 14:40,1.4550,27,-0.40,-1.01,8.01,-3.21,0.24,0.61,0.38,0.97
36,Exit Long,Long Exit,2021-05-23 15:00,1.4414,27,-0.40,-1.01,8.01,-3.21,0.24,0.61,0.38,0.97
37,Entry Long,Long,2021-05-23 17:10,1.3672,29,-0.78,-1.96,7.24,-6.47,0.03,0.08,0.80,2.03
37,Exit Long,Long Exit,2021-05-23 17:15,1.3415,29,-0.78,-1.96,7.24,-6.47,0.03,0.08,0.80,2.03
38,Entry Long,Long,2021-05-23 17:35,1.3340,29,-0.16,-0.42,7.07,-1.44,0.55,1.43,0.29,0.74
38,Exit Long,Long Exit,2021-05-23 17:40,1.3295,29,-0.16,-0.42,7.07,-1.44,0.55,1.43,0.29,0.74
39,Entry Short,Short,2021-05-23 20:00,1.2799,31,1.10,2.92,8.17,9.91,1.11,2.88,1.05,2.55
39,Exit Short,Short Exit,2021-05-23 21:05,1.2435,31,1.10,2.92,8.17,9.91,1.11,2.88,1.05,2.55
40,Entry Short,Short,2021-05-23 23:20,1.1437,34,-1.04,-2.52,7.13,-8.56,0.07,0.26,1.03,2.56
40,Exit Short,Short Exit,2021-05-23 23:25,1.1734,34,-1.04,-2.52,7.13,-8.56,0.07,0.26,1.03,2.56
41,Entry Short,Short,2021-05-24 00:00,1.1939,33,0.86,2.35,7.99,7.75,0.88,2.31,0.19,0.4
41,Exit Short,Short Exit,2021-05-24 00:10,1.1668,33,0.86,2.35,7.99,7.75,0.88,2.31,0.19,0.4
42,Entry Short,Short,2021-05-24 00:40,1.1850,33,0.98,2.67,8.98,8.19,1.08,2.84,0.07,0.09
42,Exit Short,Short Exit,2021-05-24 00:45,1.1543,33,0.98,2.67,8.98,8.19,1.08,2.84,0.07,0.09
43,Entry Long,Long,2021-05-24 02:00,1.1130,35,1.95,4.99,10.92,14.99,2.20,5.66,0.18,0.46
43,Exit Long,Long Exit,2021-05-24 02:05,1.1695,35,1.95,4.99,10.92,14.99,2.20,5.66,0.18,0.46
44,Entry Short,Short,2021-05-24 02:35,1.1419,35,-0.88,-2.03,10.05,-5.87,0.03,0.15,0.86,2.07
44,Exit Short,Short Exit,2021-05-24 02:40,1.1660,35,-0.88,-2.03,10.05,-5.87,0.03,0.15,0.86,2.07
45,Entry Short,Short,2021-05-24 03:00,1.1520,34,1.24,3.33,11.29,8.86,1.39,3.63,0.04,0.03
45,Exit Short,Short Exit,2021-05-24 03:05,1.1145,34,1.24,3.33,11.29,8.86,1.39,3.63,0.04,0.03
46,Entry Short,Short,2021-05-24 03:45,1.1357,35,-0.84,-1.95,10.45,-5.5,0.68,1.79,0.82,1.99
46,Exit Short,Short Exit,2021-05-24 04:15,1.1588,35,-0.84,-1.95,10.45,-5.5,0.68,1.79,0.82,1.99
47,Entry Short,Short,2021-05-24 04:50,1.1509,34,-0.44,-0.95,10.01,-3.02,0.08,0.27,0.42,0.99
47,Exit Short,Short Exit,2021-05-24 04:55,1.1628,34,-0.44,-0.95,10.01,-3.02,0.08,0.27,0.42,0.99
48,Entry Long,Long,2021-05-25 13:50,1.5419,25,-0.57,-1.49,9.44,-4.09,0,0,0.56,1.45
48,Exit Long,Long Exit,2021-05-25 13:55,1.5202,25,-0.57,-1.49,9.44,-4.09,0,0,0.56,1.45
49,Entry Long,Long,2021-05-25 20:00,1.4775,27,0.65,1.62,10.09,4.82,0.73,1.83,0.02,0.05
49,Exit Long,Long Exit,2021-05-25 20:05,1.5027,27,0.65,1.62,10.09,4.82,0.73,1.83,0.02,0.05
50,Entry Long,Long,2021-05-25 20:45,1.4920,26,-1.02,-2.62,9.07,-7.21,0,0,1.00,2.58
50,Exit Long,Long Exit,2021-05-25 20:55,1.4541,26,-1.02,-2.62,9.07,-7.21,0,0,1.00,2.58
51,Entry Long,Long,2021-05-26 05:15,1.5177,26,-0.23,-0.59,8.84,-1.79,0.18,0.46,0.22,0.55
51,Exit Long,Long Exit,2021-05-26 05:30,1.5099,26,-0.23,-0.59,8.84,-1.79,0.18,0.46,0.22,0.55
52,Entry Long,Long,2021-05-27 00:45,1.7112,23,-0.35,-0.89,8.49,-2.73,0.16,0.41,0.35,0.89
52,Exit Long,Long Exit,2021-05-27 00:55,1.6973,23,-0.35,-0.89,8.49,-2.73,0.16,0.41,0.35,0.89
53,Entry Long,Long,2021-05-27 10:45,1.6692,23,-0.29,-0.74,8.20,-2.29,0.37,0.96,0.33,0.85
53,Exit Long,Long Exit,2021-05-27 10:50,1.6581,23,-0.29,-0.74,8.20,-2.29,0.37,0.96,0.33,0.85
54,Entry Long,Long,2021-05-27 12:35,1.6653,24,-0.73,-1.84,7.47,-6.02,0,0,0.72,1.8
54,Exit Long,Long Exit,2021-05-27 12:45,1.6360,24,-0.73,-1.84,7.47,-6.02,0,0,0.72,1.8
55,Entry Short,Short,2021-05-27 13:20,1.6400,24,-0.57,-1.3,6.89,-5.01,0,0.06,0.58,1.39
55,Exit Short,Short Exit,2021-05-27 13:30,1.6626,24,-0.57,-1.3,6.89,-5.01,0,0.06,0.58,1.39
56,Entry Long,Long,2021-05-28 01:40,1.6873,23,0.15,0.38,7.04,1.34,0.24,0.62,0.03,0.07
56,Exit Long,Long Exit,2021-05-28 01:45,1.6950,23,0.15,0.38,7.04,1.34,0.24,0.62,0.03,0.07
57,Entry Long,Long,2021-05-28 02:00,1.6995,23,0.13,0.32,7.16,1.13,0.14,0.36,0.09,0.23
57,Exit Long,Long Exit,2021-05-28 02:05,1.7063,23,0.13,0.32,7.16,1.13,0.14,0.36,0.09,0.23
58,Entry Short,Short,2021-05-28 02:40,1.7030,23,-0.17,-0.28,6.99,-1.54,0.09,0.3,0.16,0.32
58,Exit Short,Short Exit,2021-05-28 02:50,1.7091,23,-0.17,-0.28,6.99,-1.54,0.09,0.3,0.16,0.32
59,Entry Short,Short,2021-05-28 03:15,1.7056,23,0.10,0.4,7.09,0.87,0.24,0.7,0.02,0
59,Exit Short,Short Exit,2021-05-28 03:20,1.7001,23,0.10,0.4,7.09,0.87,0.24,0.7,0.02,0
60,Entry Short,Short,2021-05-28 07:10,1.6722,23,-0.30,-0.62,6.79,-2.71,0.20,0.6,0.28,0.66
60,Exit Short,Short Exit,2021-05-28 07:25,1.6839,23,-0.30,-0.62,6.79,-2.71,0.20,0.6,0.28,0.66
61,Entry Short,Short,2021-05-28 07:40,1.6701,23,0.44,1.3,7.22,4.05,0.45,1.26,0.02,0
61,Exit Short,Short Exit,2021-05-28 07:50,1.6498,23,0.44,1.3,7.22,4.05,0.45,1.26,0.02,0
62,Entry Long,Long,2021-05-28 09:25,1.6671,23,-0.56,-1.47,6.66,-5.03,0,0,0.55,1.43
62,Exit Long,Long Exit,2021-05-28 09:30,1.6439,23,-0.56,-1.47,6.66,-5.03,0,0,0.55,1.43
63,Entry Short,Short,2021-05-28 09:35,1.6438,24,0.53,1.51,7.19,5,0.55,1.47,0.11,0.19
63,Exit Short,Short Exit,2021-05-28 10:00,1.6203,24,0.53,1.51,7.19,5,0.55,1.47,0.11,0.19
64,Entry Short,Short,2021-05-28 13:05,1.6663,24,0.21,0.67,7.40,1.84,0.25,0.69,0.04,0.03
64,Exit Short,Short Exit,2021-05-28 13:10,1.6564,24,0.21,0.67,7.40,1.84,0.25,0.69,0.04,0.03
65,Entry Long,Long,2021-05-28 15:15,1.5467,25,-0.51,-1.33,6.88,-4.5,0.38,0.98,0.59,1.52
65,Exit Long,Long Exit,2021-05-28 15:20,1.5274,25,-0.51,-1.33,6.88,-4.5,0.38,0.98,0.59,1.52
66,Entry Short,Short,2021-05-28 16:40,1.5432,25,-0.66,-1.56,6.22,-6.1,0.19,0.57,0.65,1.6
66,Exit Short,Short Exit,2021-05-28 16:55,1.5685,25,-0.66,-1.56,6.22,-6.1,0.19,0.57,0.65,1.6
67,Entry Short,Short,2021-05-28 17:25,1.5495,25,0.55,1.57,6.77,5.35,0.56,1.53,0.58,1.41
67,Exit Short,Short Exit,2021-05-28 17:55,1.5264,25,0.55,1.57,6.77,5.35,0.56,1.53,0.58,1.41
68,Entry Long,Long,2021-05-28 18:45,1.5144,26,-0.70,-1.78,6.07,-6.5,0.57,1.46,0.68,1.74
68,Exit Long,Long Exit,2021-05-28 20:25,1.4887,26,-0.70,-1.78,6.07,-6.5,0.57,1.46,0.68,1.74
69,Entry Long,Long,2021-05-29 01:50,1.5332,26,-0.39,-0.99,5.67,-3.91,0.11,0.29,0.38,0.95
69,Exit Long,Long Exit,2021-05-29 01:55,1.5193,26,-0.39,-0.99,5.67,-3.91,0.11,0.29,0.38,0.95
70,Entry Short,Short,2021-05-29 03:00,1.5361,26,0.35,1.04,6.02,3.62,0.38,1.04,0.22,0.46
70,Exit Short,Short Exit,2021-05-29 03:05,1.5214,26,0.35,1.04,6.02,3.62,0.38,1.04,0.22,0.46
71,Entry Short,Short,2021-05-29 05:35,1.5420,25,0.64,1.83,6.67,6.43,0.66,1.79,0.13,0.25
71,Exit Short,Short Exit,2021-05-29 05:50,1.5150,25,0.64,1.83,6.67,6.43,0.66,1.79,0.13,0.25
72,Entry Short,Short,2021-05-29 13:15,1.5511,25,0.28,0.87,6.95,2.59,0.29,0.83,0.02,0
72,Exit Short,Short Exit,2021-05-29 13:20,1.5388,25,0.28,0.87,6.95,2.59,0.29,0.83,0.02,0
73,Entry Short,Short,2021-05-29 14:50,1.5409,25,0.30,0.94,7.25,2.76,0.32,0.9,0.29,0.67
73,Exit Short,Short Exit,2021-05-29 15:50,1.5276,25,0.30,0.94,7.25,2.76,0.32,0.9,0.29,0.67
74,Entry Long,Long,2021-05-29 16:40,1.5050,26,-0.11,-0.29,7.14,-0.99,0.04,0.1,0.28,0.7
74,Exit Long,Long Exit,2021-05-29 16:45,1.5019,26,-0.11,-0.29,7.14,-0.99,0.04,0.1,0.28,0.7
75,Entry Long,Long,2021-05-29 18:05,1.4690,27,0.07,0.18,7.21,0.64,0.11,0.28,0.19,0.47
75,Exit Long,Long Exit,2021-05-29 18:10,1.4728,27,0.07,0.18,7.21,0.64,0.11,0.28,0.19,0.47
76,Entry Short,Short,2021-05-29 19:10,1.4778,27,-0.33,-0.68,6.87,-2.98,0.28,0.79,0.32,0.72
76,Exit Short,Short Exit,2021-05-29 19:35,1.4890,27,-0.33,-0.68,6.87,-2.98,0.28,0.79,0.32,0.72
77,Entry Short,Short,2021-05-29 19:55,1.4787,27,0.09,0.38,6.96,0.8,0.24,0.68,0.03,0.01
77,Exit Short,Short Exit,2021-05-29 20:00,1.4743,27,0.09,0.38,6.96,0.8,0.24,0.68,0.03,0.01
78,Entry Long,Long,2021-05-29 20:40,1.4807,27,0.14,0.35,7.10,1.26,0.15,0.39,0.22,0.56
78,Exit Long,Long Exit,2021-05-29 20:50,1.4870,27,0.14,0.35,7.10,1.26,0.15,0.39,0.22,0.56
79,Entry Short,Short,2021-05-29 21:05,1.4622,27,0.67,1.86,7.77,6.04,0.69,1.82,0.38,0.88
79,Exit Short,Short Exit,2021-05-29 21:50,1.4362,27,0.67,1.86,7.77,6.04,0.69,1.82,0.38,0.88
80,Entry Short,Short,2021-05-29 23:20,1.4176,28,0.52,1.48,8.29,4.44,0.54,1.44,0.38,0.87
80,Exit Short,Short Exit,2021-05-30 00:10,1.3978,28,0.52,1.48,8.29,4.44,0.54,1.44,0.38,0.87
81,Entry Long,Long,2021-05-30 00:45,1.3983,28,0.36,0.92,8.65,2.93,0.38,0.96,0.40,1.02
81,Exit Long,Long Exit,2021-05-30 01:00,1.4123,28,0.36,0.92,8.65,2.93,0.38,0.96,0.40,1.02
82,Entry Short,Short,2021-05-30 02:10,1.3889,28,0.60,1.7,9.25,4.74,0.61,1.66,0.18,0.38
82,Exit Short,Short Exit,2021-05-30 02:45,1.3664,28,0.60,1.7,9.25,4.74,0.61,1.66,0.18,0.38
83,Entry Long,Long,2021-05-30 03:15,1.3480,29,0.13,0.34,9.38,0.99,0.23,0.59,0.02,0.05
83,Exit Long,Long Exit,2021-05-30 03:20,1.3536,29,0.13,0.34,9.38,0.99,0.23,0.59,0.02,0.05
84,Entry Long,Long,2021-05-30 04:45,1.3634,29,-0.34,-0.87,9.04,-2.58,0.22,0.56,0.33,0.83
84,Exit Long,Long Exit,2021-05-30 05:10,1.3526,29,-0.34,-0.87,9.04,-2.58,0.22,0.56,0.33,0.83
85,Entry Short,Short,2021-05-30 05:15,1.3495,29,-0.67,-1.56,8.36,-5.16,0.43,1.18,0.66,1.6
85,Exit Short,Short Exit,2021-05-30 06:05,1.3716,29,-0.67,-1.56,8.36,-5.16,0.43,1.18,0.66,1.6
86,Entry Short,Short,2021-05-31 05:45,1.6305,24,0.24,0.77,8.60,1.94,0.26,0.73,0.20,0.44
86,Exit Short,Short Exit,2021-05-31 06:00,1.6192,24,0.24,0.77,8.60,1.94,0.26,0.73,0.20,0.44
87,Entry Long,Long,2021-05-31 08:35,1.5746,25,-0.31,-0.79,8.29,-2.47,0.18,0.46,0.30,0.75
87,Exit Long,Long Exit,2021-05-31 09:00,1.5634,25,-0.31,-0.79,8.29,-2.47,0.18,0.46,0.30,0.75
88,Entry Short,Short,2021-05-31 09:20,1.5775,25,1.17,3.13,9.47,9.55,1.19,3.1,0.23,0.5
88,Exit Short,Short Exit,2021-05-31 11:05,1.5293,25,1.17,3.13,9.47,9.55,1.19,3.1,0.23,0.5
89,Entry Short,Short,2021-05-31 12:05,1.5361,26,-0.64,-1.45,8.82,-4.78,0.27,0.76,0.63,1.49
89,Exit Short,Short Exit,2021-05-31 12:25,1.5596,26,-0.64,-1.45,8.82,-4.78,0.27,0.76,0.63,1.49
90,Entry Short,Short,2021-05-31 12:40,1.5500,25,0.30,0.94,9.13,2.35,0.33,0.94,0.13,0.25
90,Exit Short,Short Exit,2021-05-31 12:45,1.5367,25,0.30,0.94,9.13,2.35,0.33,0.94,0.13,0.25
91,Entry Short,Short,2021-05-31 13:15,1.5422,25,-0.60,-1.4,8.52,-4.6,0.16,0.51,0.59,1.44
91,Exit Short,Short Exit,2021-05-31 14:15,1.5651,25,-0.60,-1.4,8.52,-4.6,0.16,0.51,0.59,1.44
92,Entry Long,Long,2021-06-02 01:00,1.7007,23,-0.33,-0.86,8.19,-2.67,0.21,0.54,0.35,0.9
92,Exit Long,Long Exit,2021-06-02 01:05,1.6875,23,-0.33,-0.86,8.19,-2.67,0.21,0.54,0.35,0.9
93,Entry Long,Long,2021-06-03 06:05,1.7670,22,-0.23,-0.58,7.96,-1.86,0.05,0.14,0.21,0.54
93,Exit Long,Long Exit,2021-06-03 06:35,1.7581,22,-0.23,-0.58,7.96,-1.86,0.05,0.14,0.21,0.54
94,Entry Short,Short,2021-06-03 07:15,1.7620,22,0.24,0.77,8.20,1.99,0.25,0.73,0.11,0.22
94,Exit Short,Short Exit,2021-06-03 07:35,1.7498,22,0.24,0.77,8.20,1.99,0.25,0.73,0.11,0.22
95,Entry Long,Long,2021-06-03 08:05,1.7376,23,0.13,0.33,8.33,1.09,0.17,0.43,0.02,0.05
95,Exit Long,Long Exit,2021-06-03 08:10,1.7448,23,0.13,0.33,8.33,1.09,0.17,0.43,0.02,0.05
96,Entry Short,Short,2021-06-03 09:00,1.7532,22,-0.25,-0.48,8.08,-2.02,0.24,0.7,0.25,0.56
96,Exit Short,Short Exit,2021-06-03 09:05,1.7631,22,-0.25,-0.48,8.08,-2.02,0.24,0.7,0.25,0.56
97,Entry Long,Long,2021-06-03 11:20,1.7302,23,-0.28,-0.7,7.80,-2.3,0.05,0.13,0.26,0.66
97,Exit Long,Long Exit,2021-06-03 11:30,1.7195,23,-0.28,-0.7,7.80,-2.3,0.05,0.13,0.26,0.66
98,Entry Long,Long,2021-06-04 04:55,1.8196,21,0.01,0.04,7.82,0.11,0.07,0.17,0.06,0.17
98,Exit Long,Long Exit,2021-06-04 05:00,1.8217,21,0.01,0.04,7.82,0.11,0.07,0.17,0.06,0.17
99,Entry Short,Short,2021-06-04 12:10,1.7450,22,-0.35,-0.76,7.46,-3,0.13,0.43,0.34,0.8
99,Exit Short,Short Exit,2021-06-04 12:25,1.7597,22,-0.35,-0.76,7.46,-3,0.13,0.43,0.34,0.8
100,Entry Short,Short,2021-06-04 12:50,1.7589,22,0.21,0.71,7.68,1.86,0.23,0.67,0.12,0.22
100,Exit Short,Short Exit,2021-06-04 13:15,1.7478,22,0.21,0.71,7.68,1.86,0.23,0.67,0.12,0.22
101,Entry Short,Short,2021-06-04 13:20,1.7438,22,0.41,1.24,8.09,3.54,0.43,1.2,0.17,0.36
101,Exit Short,Short Exit,2021-06-04 14:05,1.7236,22,0.41,1.24,8.09,3.54,0.43,1.2,0.17,0.36
102,Entry Long,Long,2021-06-04 14:55,1.6859,23,0.35,0.91,8.44,2.92,0.37,0.95,0.36,0.92
102,Exit Long,Long Exit,2021-06-04 15:05,1.7026,23,0.35,0.91,8.44,2.92,0.37,0.95,0.36,0.92
103,Entry Long,Long,2021-06-04 16:35,1.6566,24,0.82,2.06,9.26,6.57,0.83,2.1,0.72,1.8
103,Exit Long,Long Exit,2021-06-04 18:40,1.6920,24,0.82,2.06,9.26,6.57,0.83,2.1,0.72,1.8
104,Entry Short,Short,2021-06-05 18:10,1.7674,22,0.11,0.43,9.37,0.79,0.12,0.39,0.02,0
104,Exit Short,Short Exit,2021-06-05 18:15,1.7612,22,0.11,0.43,9.37,0.79,0.12,0.39,0.02,0
105,Entry Long,Long,2021-06-05 20:45,1.6856,23,-0.31,-0.81,9.05,-2.35,0.09,0.22,0.56,1.44
105,Exit Long,Long Exit,2021-06-05 20:50,1.6733,23,-0.31,-0.81,9.05,-2.35,0.09,0.22,0.56,1.44
106,Entry Short,Short,2021-06-05 21:55,1.6878,23,0.22,0.74,9.28,1.72,0.24,0.7,0.07,0.1
106,Exit Short,Short Exit,2021-06-05 22:00,1.6767,23,0.22,0.74,9.28,1.72,0.24,0.7,0.07,0.1
107,Entry Short,Short,2021-06-05 22:40,1.6802,23,0.22,0.73,9.50,1.67,0.24,0.69,0.04,0.01
107,Exit Short,Short Exit,2021-06-05 22:55,1.6692,23,0.22,0.73,9.50,1.67,0.24,0.69,0.04,0.01
108,Entry Long,Long,2021-06-06 00:25,1.6792,23,0.33,0.85,9.83,2.44,0.35,0.89,0.18,0.47
108,Exit Long,Long Exit,2021-06-06 00:50,1.6949,23,0.33,0.85,9.83,2.44,0.35,0.89,0.18,0.47
109,Entry Short,Short,2021-06-06 03:40,1.6787,23,-0.16,-0.26,9.67,-1.17,0,0.04,0.15,0.31
109,Exit Short,Short Exit,2021-06-06 03:45,1.6844,23,-0.16,-0.26,9.67,-1.17,0,0.04,0.15,0.31
110,Entry Short,Short,2021-06-06 03:55,1.6805,23,0.10,0.41,9.77,0.72,0.19,0.57,0.02,0
110,Exit Short,Short Exit,2021-06-06 04:00,1.6749,23,0.10,0.41,9.77,0.72,0.19,0.57,0.02,0
111,Entry Short,Short,2021-06-06 04:40,1.6787,23,0.06,0.32,9.83,0.46,0.08,0.28,0.05,0.04
111,Exit Short,Short Exit,2021-06-06 04:45,1.6746,23,0.06,0.32,9.83,0.46,0.08,0.28,0.05,0.04
112,Entry Short,Short,2021-06-06 05:50,1.6746,23,0.22,0.72,10.04,1.56,0.23,0.68,0.30,0.69
112,Exit Short,Short Exit,2021-06-06 06:15,1.6639,23,0.22,0.72,10.04,1.56,0.23,0.68,0.30,0.69
113,Entry Short,Short,2021-06-06 07:45,1.6302,24,-0.53,-1.2,9.51,-3.78,0.08,0.29,0.51,1.24
113,Exit Short,Short Exit,2021-06-06 08:05,1.6510,24,-0.53,-1.2,9.51,-3.78,0.08,0.29,0.51,1.24
114,Entry Short,Short,2021-06-06 21:35,1.6763,23,0.10,0.41,9.61,0.71,0.11,0.37,0.14,0.27
114,Exit Short,Short Exit,2021-06-06 22:15,1.6708,23,0.10,0.41,9.61,0.71,0.11,0.37,0.14,0.27
115,Entry Long,Long,2021-06-06 22:50,1.6613,24,0.02,0.04,9.63,0.12,0.04,0.1,0.12,0.31
115,Exit Long,Long Exit,2021-06-06 22:55,1.6633,24,0.02,0.04,9.63,0.12,0.04,0.1,0.12,0.31
116,Entry Long,Long,2021-06-06 23:30,1.6617,24,0.11,0.27,9.73,0.8,0.13,0.32,0.10,0.26
116,Exit Long,Long Exit,2021-06-06 23:45,1.6676,24,0.11,0.27,9.73,0.8,0.13,0.32,0.10,0.26
117,Entry Short,Short,2021-06-07 02:05,1.6819,23,0.18,0.63,9.92,1.32,0.20,0.59,0.09,0.15
117,Exit Short,Short Exit,2021-06-07 03:00,1.6727,23,0.18,0.63,9.92,1.32,0.20,0.59,0.09,0.15
118,Entry Long,Long,2021-06-07 03:55,1.6685,23,-0.05,-0.14,9.86,-0.39,0.02,0.04,0.07,0.18
118,Exit Long,Long Exit,2021-06-07 04:00,1.6675,23,-0.05,-0.14,9.86,-0.39,0.02,0.04,0.07,0.18
119,Entry Long,Long,2021-06-07 04:30,1.6640,24,-0.10,-0.24,9.77,-0.7,0,0,0.10,0.26
119,Exit Long,Long Exit,2021-06-07 04:35,1.6613,24,-0.10,-0.24,9.77,-0.7,0,0,0.10,0.26
120,Entry Long,Long,2021-06-08 02:30,1.6939,23,-0.37,-0.96,9.39,-2.72,0,0,0.36,0.92
120,Exit Long,Long Exit,2021-06-08 03:00,1.6790,23,-0.37,-0.96,9.39,-2.72,0,0,0.36,0.92
121,Entry Long,Long,2021-06-08 03:40,1.6737,23,-0.14,-0.37,9.25,-1.07,0.01,0.03,0.13,0.35
121,Exit Long,Long Exit,2021-06-08 03:45,1.6688,23,-0.14,-0.37,9.25,-1.07,0.01,0.03,0.13,0.35
122,Entry Long,Long,2021-06-08 04:15,1.6611,24,-0.10,-0.24,9.15,-0.73,0.12,0.29,0.20,0.5
122,Exit Long,Long Exit,2021-06-08 04:20,1.6584,24,-0.10,-0.24,9.15,-0.73,0.12,0.29,0.20,0.5
123,Entry Short,Short,2021-06-08 05:20,1.6705,23,0.13,0.51,9.29,1.03,0.15,0.47,0.02,0
123,Exit Short,Short Exit,2021-06-08 05:30,1.6633,23,0.13,0.51,9.29,1.03,0.15,0.47,0.02,0
124,Entry Long,Long,2021-06-08 09:10,1.5824,25,-0.71,-1.8,8.58,-5.35,0.32,0.8,0.70,1.76
124,Exit Long,Long Exit,2021-06-08 09:30,1.5552,25,-0.71,-1.8,8.58,-5.35,0.32,0.8,0.70,1.76
125,Entry Short,Short,2021-06-08 10:35,1.5691,25,-0.25,-0.49,8.32,-2.02,0.14,0.44,0.24,0.53
125,Exit Short,Short Exit,2021-06-08 10:50,1.5780,25,-0.25,-0.49,8.32,-2.02,0.14,0.44,0.24,0.53
126,Entry Short,Short,2021-06-08 11:05,1.5710,25,0.19,0.65,8.51,1.57,0.21,0.61,0.16,0.32
126,Exit Short,Short Exit,2021-06-08 11:30,1.5620,25,0.19,0.65,8.51,1.57,0.21,0.61,0.16,0.32
127,Entry Short,Short,2021-06-08 13:30,1.5228,26,-0.35,-0.71,8.17,-2.77,0,0.05,0.33,0.76
127,Exit Short,Short Exit,2021-06-08 13:35,1.5349,26,-0.35,-0.71,8.17,-2.77,0,0.05,0.33,0.76
128,Entry Short,Short,2021-06-08 14:00,1.5316,26,0.22,0.72,8.39,1.83,0.24,0.68,0.22,0.46
128,Exit Short,Short Exit,2021-06-08 14:20,1.5218,26,0.22,0.72,8.39,1.83,0.24,0.68,0.22,0.46
129,Entry Long,Long,2021-06-08 16:20,1.5185,26,0.50,1.28,8.90,4.07,0.52,1.32,0.12,0.3
129,Exit Long,Long Exit,2021-06-08 16:25,1.5391,26,0.50,1.28,8.90,4.07,0.52,1.32,0.12,0.3
130,Entry Short,Short,2021-06-08 16:55,1.5332,26,-0.23,-0.43,8.66,-1.82,0.19,0.55,0.22,0.47
130,Exit Short,Short Exit,2021-06-08 17:00,1.5410,26,-0.23,-0.43,8.66,-1.82,0.19,0.55,0.22,0.47
131,Entry Long,Long,2021-06-08 20:15,1.5240,26,0.30,0.76,8.96,2.38,0.32,0.8,0.27,0.67
131,Exit Long,Long Exit,2021-06-08 20:55,1.5368,26,0.30,0.76,8.96,2.38,0.32,0.8,0.27,0.67
132,Entry Long,Long,2021-06-08 23:35,1.4561,27,-0.22,-0.56,8.74,-1.7,0.21,0.54,0.20,0.52
132,Exit Long,Long Exit,2021-06-08 23:40,1.4491,27,-0.22,-0.56,8.74,-1.7,0.21,0.54,0.20,0.52
133,Entry Long,Long,2021-06-09 00:40,1.4208,28,0.38,0.95,9.12,2.98,0.42,1.06,0.03,0.08
133,Exit Long,Long Exit,2021-06-09 00:45,1.4355,28,0.38,0.95,9.12,2.98,0.42,1.06,0.03,0.08
134,Entry Long,Long,2021-06-09 11:40,1.4995,26,0.40,1.03,9.52,3.07,0.42,1.07,0.07,0.18
134,Exit Long,Long Exit,2021-06-09 11:45,1.5162,26,0.40,1.03,9.52,3.07,0.42,1.07,0.07,0.18
135,Entry Long,Long,2021-06-10 11:55,1.6044,24,0.15,0.38,9.67,1.08,0.16,0.42,0.10,0.25
135,Exit Long,Long Exit,2021-06-10 12:00,1.6118,24,0.15,0.38,9.67,1.08,0.16,0.42,0.10,0.25
136,Entry Long,Long,2021-06-10 14:45,1.5754,25,-0.14,-0.36,9.53,-1.03,0.07,0.19,0.13,0.32
136,Exit Long,Long Exit,2021-06-10 14:50,1.5710,25,-0.14,-0.36,9.53,-1.03,0.07,0.19,0.13,0.32
137,Entry Short,Short,2021-06-10 16:30,1.5725,25,0.18,0.61,9.71,1.32,0.20,0.58,0.02,0
137,Exit Short,Short Exit,2021-06-10 16:35,1.5641,25,0.18,0.61,9.71,1.32,0.20,0.58,0.02,0
138,Entry Short,Short,2021-06-10 17:05,1.5655,25,-0.29,-0.59,9.41,-2.14,0.09,0.31,0.28,0.63
138,Exit Short,Short Exit,2021-06-10 17:20,1.5760,25,-0.29,-0.59,9.41,-2.14,0.09,0.31,0.28,0.63
139,Entry Long,Long,2021-06-10 18:25,1.5438,25,0.03,0.07,9.44,0.2,0.11,0.3,0.03,0.08
139,Exit Long,Long Exit,2021-06-10 18:30,1.5461,25,0.03,0.07,9.44,0.2,0.11,0.3,0.03,0.08
140,Entry Long,Long,2021-06-10 22:45,1.5634,25,0.08,0.21,9.52,0.62,0.16,0.42,0.02,0.05
140,Exit Long,Long Exit,2021-06-10 22:55,1.5680,25,0.08,0.21,9.52,0.62,0.16,0.42,0.02,0.05
141,Entry Short,Short,2021-06-10 23:10,1.5499,25,0.67,1.88,10.19,4.93,0.68,1.84,0.31,0.71
141,Exit Short,Short Exit,2021-06-11 02:10,1.5220,25,0.67,1.88,10.19,4.93,0.68,1.84,0.31,0.71
142,Entry Long,Long,2021-06-11 02:50,1.5298,26,0.18,0.46,10.37,1.28,0.20,0.5,0.17,0.44
142,Exit Long,Long Exit,2021-06-11 03:25,1.5380,26,0.18,0.46,10.37,1.28,0.20,0.5,0.17,0.44
143,Entry Short,Short,2021-06-11 03:40,1.5304,26,-0.26,-0.49,10.11,-1.8,0,0.04,0.28,0.63
143,Exit Short,Short Exit,2021-06-11 03:45,1.5391,26,-0.26,-0.49,10.11,-1.8,0,0.04,0.28,0.63
144,Entry Short,Short,2021-06-11 03:55,1.5298,26,-0.28,-0.55,9.83,-2.01,0.02,0.12,0.27,0.59
144,Exit Short,Short Exit,2021-06-11 04:00,1.5395,26,-0.28,-0.55,9.83,-2.01,0.02,0.12,0.27,0.59
145,Entry Short,Short,2021-06-11 04:10,1.5314,26,0.26,0.81,10.09,1.88,0.28,0.77,0.21,0.45
145,Exit Short,Short Exit,2021-06-11 05:05,1.5202,26,0.26,0.81,10.09,1.88,0.28,0.77,0.21,0.45
146,Entry Short,Short,2021-06-11 08:10,1.5498,25,0.24,0.77,10.33,1.68,0.25,0.73,0.06,0.08
146,Exit Short,Short Exit,2021-06-11 08:45,1.5391,25,0.24,0.77,10.33,1.68,0.25,0.73,0.06,0.08
147,Entry Long,Long,2021-06-11 09:20,1.5318,26,-0.21,-0.52,10.12,-1.44,0.05,0.14,0.31,0.79
147,Exit Long,Long Exit,2021-06-11 09:25,1.5251,26,-0.21,-0.52,10.12,-1.44,0.05,0.14,0.31,0.79
148,Entry Long,Long,2021-06-11 15:45,1.5049,26,-0.07,-0.17,10.05,-0.48,0.09,0.23,0.05,0.14
148,Exit Long,Long Exit,2021-06-11 15:50,1.5035,26,-0.07,-0.17,10.05,-0.48,0.09,0.23,0.05,0.14
149,Entry Long,Long,2021-06-11 16:20,1.5032,26,0.15,0.39,10.21,1.09,0.17,0.43,0.10,0.25
149,Exit Long,Long Exit,2021-06-11 16:30,1.5103,26,0.15,0.39,10.21,1.09,0.17,0.43,0.10,0.25
150,Entry Short,Short,2021-06-11 16:50,1.5018,26,-0.33,-0.68,9.88,-2.31,0,0.05,0.31,0.72
150,Exit Short,Short Exit,2021-06-11 17:00,1.5132,26,-0.33,-0.68,9.88,-2.31,0,0.05,0.31,0.72
151,Entry Short,Short,2021-06-11 17:25,1.5144,26,-0.09,-0.07,9.79,-0.66,0.03,0.16,0.11,0.2
151,Exit Short,Short Exit,2021-06-11 17:30,1.5167,26,-0.09,-0.07,9.79,-0.66,0.03,0.16,0.11,0.2
152,Entry Short,Short,2021-06-11 17:35,1.5110,26,-0.23,-0.44,9.55,-1.7,0.16,0.5,0.22,0.48
152,Exit Short,Short Exit,2021-06-11 18:05,1.5188,26,-0.23,-0.44,9.55,-1.7,0.16,0.5,0.22,0.48
153,Entry Long,Long,2021-06-12 01:15,1.4953,26,-0.16,-0.4,9.40,-1.15,0.03,0.09,0.18,0.45
153,Exit Long,Long Exit,2021-06-12 01:20,1.4905,26,-0.16,-0.4,9.40,-1.15,0.03,0.09,0.18,0.45
154,Entry Short,Short,2021-06-12 03:05,1.4769,27,0.13,0.48,9.52,0.95,0.14,0.44,0.05,0.05
154,Exit Short,Short Exit,2021-06-12 03:10,1.4710,27,0.13,0.48,9.52,0.95,0.14,0.44,0.05,0.05
155,Entry Long,Long,2021-06-12 04:05,1.4600,27,0.14,0.35,9.66,1.02,0.19,0.48,0.02,0.06
155,Exit Long,Long Exit,2021-06-12 04:10,1.4663,27,0.14,0.35,9.66,1.02,0.19,0.48,0.02,0.06
156,Entry Short,Short,2021-06-12 07:45,1.4430,27,0.21,0.7,9.87,1.53,0.22,0.66,0.18,0.39
156,Exit Short,Short Exit,2021-06-12 08:10,1.4341,27,0.21,0.7,9.87,1.53,0.22,0.66,0.18,0.39
157,Entry Long,Long,2021-06-12 09:45,1.4182,28,0.20,0.51,10.07,1.45,0.31,0.78,0.14,0.34
157,Exit Long,Long Exit,2021-06-12 09:50,1.4265,28,0.20,0.51,10.07,1.45,0.31,0.78,0.14,0.34
158,Entry Short,Short,2021-06-12 10:25,1.4226,28,0.30,0.91,10.37,2.12,0.38,1.05,0.13,0.23
158,Exit Short,Short Exit,2021-06-12 10:30,1.4108,28,0.30,0.91,10.37,2.12,0.38,1.05,0.13,0.23
159,Entry Long,Long,2021-06-12 12:25,1.3930,28,-0.26,-0.67,10.11,-1.81,0,0,0.25,0.63
159,Exit Long,Long Exit,2021-06-12 12:30,1.3848,28,-0.26,-0.67,10.11,-1.81,0,0,0.25,0.63
160,Entry Short,Short,2021-06-12 13:35,1.3788,29,0.36,1.07,10.47,2.57,0.38,1.03,0.20,0.41
160,Exit Short,Short Exit,2021-06-12 13:50,1.3652,29,0.36,1.07,10.47,2.57,0.38,1.03,0.20,0.41
161,Entry Long,Long,2021-06-12 14:20,1.3729,29,0.30,0.76,10.77,2.08,0.32,0.8,0.03,0.08
161,Exit Long,Long Exit,2021-06-12 14:30,1.3844,29,0.30,0.76,10.77,2.08,0.32,0.8,0.03,0.08
162,Entry Long,Long,2021-06-13 14:35,1.4496,27,-0.23,-0.59,10.54,-1.56,0,0,0.22,0.55
162,Exit Long,Long Exit,2021-06-13 14:45,1.4422,27,-0.23,-0.59,10.54,-1.56,0,0,0.22,0.55
163,Entry Short,Short,2021-06-13 16:10,1.4414,27,-0.28,-0.55,10.27,-1.9,0.21,0.61,0.26,0.59
163,Exit Short,Short Exit,2021-06-13 17:30,1.4505,27,-0.28,-0.55,10.27,-1.9,0.21,0.61,0.26,0.59
164,Entry Short,Short,2021-06-13 17:50,1.4434,27,0.19,0.64,10.45,1.32,0.20,0.6,0.09,0.15
164,Exit Short,Short Exit,2021-06-13 18:20,1.4353,27,0.19,0.64,10.45,1.32,0.20,0.6,0.09,0.15
165,Entry Short,Short,2021-06-13 20:15,1.4434,27,0.12,0.46,10.57,0.81,0.13,0.42,0.12,0.23
165,Exit Short,Short Exit,2021-06-13 20:40,1.4379,27,0.12,0.46,10.57,0.81,0.13,0.42,0.12,0.23
166,Entry Long,Long,2021-06-13 23:50,1.4065,28,-0.14,-0.36,10.43,-0.98,0.03,0.09,0.14,0.36
166,Exit Long,Long Exit,2021-06-13 23:55,1.4025,28,-0.14,-0.36,10.43,-0.98,0.03,0.09,0.14,0.36
167,Entry Long,Long,2021-06-14 16:00,1.5479,25,-0.45,-1.17,9.97,-3.14,0,0,0.44,1.13
167,Exit Long,Long Exit,2021-06-14 17:00,1.5310,25,-0.45,-1.17,9.97,-3.14,0,0,0.44,1.13
168,Entry Long,Long,2021-06-14 18:15,1.5209,26,0.15,0.37,10.12,1.06,0.31,0.78,0.05,0.13
168,Exit Long,Long Exit,2021-06-14 18:20,1.5278,26,0.15,0.37,10.12,1.06,0.31,0.78,0.05,0.13
169,Entry Long,Long,2021-06-14 19:15,1.5143,26,0.10,0.26,10.22,0.72,0.12,0.3,0.09,0.22
169,Exit Long,Long Exit,2021-06-14 19:30,1.5194,26,0.10,0.26,10.22,0.72,0.12,0.3,0.09,0.22
170,Entry Short,Short,2021-06-14 20:10,1.5211,26,0.06,0.32,10.29,0.45,0.12,0.38,0.02,0
170,Exit Short,Short Exit,2021-06-14 20:15,1.5174,26,0.06,0.32,10.29,0.45,0.12,0.38,0.02,0
171,Entry Long,Long,2021-06-15 21:05,1.5841,25,-0.37,-0.93,9.92,-2.57,0.11,0.29,0.35,0.89
171,Exit Long,Long Exit,2021-06-15 21:45,1.5707,25,-0.37,-0.93,9.92,-2.57,0.11,0.29,0.35,0.89
172,Entry Short,Short,2021-06-16 01:30,1.5578,25,-0.12,-0.16,9.80,-0.89,0.07,0.26,0.11,0.2
172,Exit Short,Short Exit,2021-06-16 01:35,1.5615,25,-0.12,-0.16,9.80,-0.89,0.07,0.26,0.11,0.2
173,Entry Short,Short,2021-06-16 02:00,1.5649,25,-0.16,-0.25,9.64,-1.15,0.13,0.42,0.14,0.29
173,Exit Short,Short Exit,2021-06-16 02:05,1.5700,25,-0.16,-0.25,9.64,-1.15,0.13,0.42,0.14,0.29
174,Entry Long,Long,2021-06-16 19:20,1.5524,25,-0.08,-0.21,9.56,-0.59,0.03,0.09,0.07,0.17
174,Exit Long,Long Exit,2021-06-16 19:25,1.5504,25,-0.08,-0.21,9.56,-0.59,0.03,0.09,0.07,0.17
175,Entry Long,Long,2021-06-16 21:50,1.5176,26,-0.34,-0.85,9.22,-2.48,0,0,0.32,0.81
175,Exit Long,Long Exit,2021-06-16 22:10,1.5059,26,-0.34,-0.85,9.22,-2.48,0,0,0.32,0.81
176,Entry Short,Short,2021-06-16 22:50,1.5117,26,-0.28,-0.55,8.94,-2.11,0.04,0.19,0.26,0.59
176,Exit Short,Short Exit,2021-06-16 23:15,1.5212,26,-0.28,-0.55,8.94,-2.11,0.04,0.19,0.26,0.59
177,Entry Short,Short,2021-06-16 23:25,1.5132,26,0.18,0.62,9.12,1.38,0.19,0.58,0.22,0.48
177,Exit Short,Short Exit,2021-06-16 23:50,1.5051,26,0.18,0.62,9.12,1.38,0.19,0.58,0.22,0.48
178,Entry Short,Short,2021-06-17 01:25,1.5119,26,0.22,0.71,9.34,1.66,0.23,0.67,0.02,0
178,Exit Short,Short Exit,2021-06-17 01:40,1.5023,26,0.22,0.71,9.34,1.66,0.23,0.67,0.02,0
179,Entry Long,Long,2021-06-17 02:20,1.4962,26,0.08,0.2,9.42,0.58,0.14,0.36,0.02,0.05
179,Exit Long,Long Exit,2021-06-17 02:25,1.5004,26,0.08,0.2,9.42,0.58,0.14,0.36,0.02,0.05
180,Entry Long,Long,2021-06-17 22:40,1.5009,26,-0.18,-0.46,9.24,-1.34,0.02,0.05,0.16,0.42
180,Exit Long,Long Exit,2021-06-17 22:55,1.4952,26,-0.18,-0.46,9.24,-1.34,0.02,0.05,0.16,0.42
181,Entry Long,Long,2021-06-17 23:30,1.5019,26,-0.25,-0.65,8.99,-1.9,0.02,0.05,0.24,0.61
181,Exit Long,Long Exit,2021-06-17 23:40,1.4934,26,-0.25,-0.65,8.99,-1.9,0.02,0.05,0.24,0.61
182,Entry Short,Short,2021-06-18 01:05,1.4989,26,0.20,0.68,9.19,1.56,0.22,0.64,0.07,0.1
182,Exit Short,Short Exit,2021-06-18 01:30,1.4899,26,0.20,0.68,9.19,1.56,0.22,0.64,0.07,0.1
183,Entry Long,Long,2021-06-18 02:45,1.4704,27,-0.13,-0.34,9.06,-1.02,0.02,0.06,0.12,0.3
183,Exit Long,Long Exit,2021-06-18 02:50,1.4666,27,-0.13,-0.34,9.06,-1.02,0.02,0.06,0.12,0.3
184,Entry Long,Long,2021-06-18 03:45,1.4685,27,0.10,0.25,9.16,0.77,0.12,0.31,0.03,0.09
184,Exit Long,Long Exit,2021-06-18 03:50,1.4734,27,0.10,0.25,9.16,0.77,0.12,0.31,0.03,0.09
185,Entry Short,Short,2021-06-18 04:35,1.4675,27,0.14,0.51,9.29,1.05,0.15,0.47,0.09,0.16
185,Exit Short,Short Exit,2021-06-18 05:00,1.4612,27,0.14,0.51,9.29,1.05,0.15,0.47,0.09,0.16
186,Entry Long,Long,2021-06-18 11:30,1.4533,27,0.27,0.7,9.57,2.06,0.31,0.78,0.05,0.12
186,Exit Long,Long Exit,2021-06-18 11:35,1.4646,27,0.27,0.7,9.57,2.06,0.31,0.78,0.05,0.12
187,Entry Long,Long,2021-06-18 23:00,1.4464,27,0.03,0.07,9.60,0.21,0.17,0.42,0.03,0.07
187,Exit Long,Long Exit,2021-06-18 23:05,1.4486,27,0.03,0.07,9.60,0.21,0.17,0.42,0.03,0.07
188,Entry Long,Long,2021-06-19 00:45,1.4077,28,-0.14,-0.36,9.46,-1.03,0.14,0.34,0.18,0.44
188,Exit Long,Long Exit,2021-06-19 00:50,1.4038,28,-0.14,-0.36,9.46,-1.03,0.14,0.34,0.18,0.44
189,Entry Short,Short,2021-06-19 02:00,1.4174,28,0.27,0.85,9.73,2.03,0.32,0.89,0.02,0
189,Exit Short,Short Exit,2021-06-19 02:05,1.4065,28,0.27,0.85,9.73,2.03,0.32,0.89,0.02,0
190,Entry Short,Short,2021-06-19 05:35,1.3968,28,-0.54,-1.22,9.19,-3.92,0.28,0.79,0.52,1.26
190,Exit Short,Short Exit,2021-06-19 08:30,1.4149,28,-0.54,-1.22,9.19,-3.92,0.28,0.79,0.52,1.26
191,Entry Long,Long,2021-06-20 02:05,1.4110,28,-0.10,-0.26,9.09,-0.77,0,0,0.12,0.3
191,Exit Long,Long Exit,2021-06-20 02:10,1.4085,28,-0.10,-0.26,9.09,-0.77,0,0,0.12,0.3
192,Entry Short,Short,2021-06-20 06:05,1.4109,28,0.06,0.31,9.15,0.46,0.08,0.27,0.06,0.06
192,Exit Short,Short Exit,2021-06-20 06:40,1.4076,28,0.06,0.31,9.15,0.46,0.08,0.27,0.06,0.06
193,Entry Long,Long,2021-06-20 09:45,1.3737,29,0.05,0.12,9.20,0.37,0.07,0.18,0.14,0.36
193,Exit Long,Long Exit,2021-06-20 09:50,1.3765,29,0.05,0.12,9.20,0.37,0.07,0.18,0.14,0.36
194,Entry Short,Short,2021-06-20 10:50,1.3899,28,0.02,0.2,9.22,0.12,0.04,0.18,0.02,0
194,Exit Short,Short Exit,2021-06-20 10:55,1.3882,28,0.02,0.2,9.22,0.12,0.04,0.18,0.02,0
195,Entry Short,Short,2021-06-20 11:05,1.3842,28,0.17,0.61,9.39,1.31,0.19,0.57,0.04,0.03
195,Exit Short,Short Exit,2021-06-20 11:15,1.3769,28,0.17,0.61,9.39,1.31,0.19,0.57,0.04,0.03
196,Entry Short,Short,2021-06-20 17:25,1.3967,28,0.18,0.62,9.57,1.36,0.20,0.58,0.08,0.12
196,Exit Short,Short Exit,2021-06-20 17:40,1.3891,28,0.18,0.62,9.57,1.36,0.20,0.58,0.08,0.12
197,Entry Long,Long,2021-06-20 18:25,1.3883,28,0.04,0.11,9.62,0.33,0.09,0.23,0.02,0.04
197,Exit Long,Long Exit,2021-06-20 18:30,1.3910,28,0.04,0.11,9.62,0.33,0.09,0.23,0.02,0.04
198,Entry Long,Long,2021-06-20 20:55,1.3323,30,-0.12,-0.31,9.49,-0.92,0.04,0.11,0.11,0.28
198,Exit Long,Long Exit,2021-06-20 21:00,1.3292,30,-0.12,-0.31,9.49,-0.92,0.04,0.11,0.11,0.28
199,Entry Short,Short,2021-06-20 22:25,1.3362,29,-0.28,-0.56,9.21,-2.06,0.23,0.66,0.26,0.6
199,Exit Short,Short Exit,2021-06-20 23:15,1.3447,29,-0.28,-0.56,9.21,-2.06,0.23,0.66,0.26,0.6
200,Entry Long,Long,2021-06-21 09:45,1.4163,28,0.03,0.08,9.24,0.23,0.10,0.24,0.06,0.16
200,Exit Long,Long Exit,2021-06-21 09:50,1.4185,28,0.03,0.08,9.24,0.23,0.10,0.24,0.06,0.16
201,Entry Long,Long,2021-06-21 11:10,1.4089,28,-0.29,-0.73,8.96,-2.16,0,0,0.27,0.69
201,Exit Long,Long Exit,2021-06-21 11:15,1.3998,28,-0.29,-0.73,8.96,-2.16,0,0,0.27,0.69
202,Entry Short,Short,2021-06-21 14:20,1.3512,29,-0.90,-2.13,8.06,-6.94,0.11,0.37,0.88,2.17
202,Exit Short,Short Exit,2021-06-21 15:05,1.3811,29,-0.90,-2.13,8.06,-6.94,0.11,0.37,0.88,2.17
203,Entry Short,Short,2021-06-21 15:25,1.3683,29,0.92,2.48,8.98,7.65,1.31,3.38,0.07,0.08
203,Exit Short,Short Exit,2021-06-21 15:30,1.3354,29,0.92,2.48,8.98,7.65,1.31,3.38,0.07,0.08
204,Entry Long,Long,2021-06-21 16:05,1.3349,29,-0.71,-1.82,8.27,-5.44,0.03,0.07,0.69,1.79
204,Exit Long,Long Exit,2021-06-21 16:25,1.3116,29,-0.71,-1.82,8.27,-5.44,0.03,0.07,0.69,1.79
205,Entry Long,Long,2021-06-21 16:55,1.3328,30,-0.68,-1.71,7.59,-5.56,0.26,0.66,0.67,1.67
205,Exit Long,Long Exit,2021-06-21 18:10,1.3111,30,-0.68,-1.71,7.59,-5.56,0.26,0.66,0.67,1.67
206,Entry Short,Short,2021-06-21 19:05,1.3196,30,0.28,0.86,7.87,2.39,0.29,0.82,0.08,0.12
206,Exit Short,Short Exit,2021-06-21 19:10,1.3093,30,0.28,0.86,7.87,2.39,0.29,0.82,0.08,0.12
207,Entry Long,Long,2021-06-21 19:55,1.2893,31,-0.41,-1.02,7.46,-3.43,0.02,0.04,0.52,1.3
207,Exit Long,Long Exit,2021-06-21 20:00,1.2772,31,-0.41,-1.02,7.46,-3.43,0.02,0.04,0.52,1.3
208,Entry Short,Short,2021-06-21 21:20,1.2844,31,-0.40,-0.84,7.06,-3.47,0.07,0.26,0.38,0.88
208,Exit Short,Short Exit,2021-06-21 21:25,1.2962,31,-0.40,-0.84,7.06,-3.47,0.07,0.26,0.38,0.88
209,Entry Short,Short,2021-06-21 21:40,1.2870,31,0.40,1.16,7.46,3.61,0.41,1.12,0.22,0.47
209,Exit Short,Short Exit,2021-06-21 21:50,1.2731,31,0.40,1.16,7.46,3.61,0.41,1.12,0.22,0.47
210,Entry Long,Long,2021-06-21 22:25,1.2838,31,0.76,1.91,8.22,6.62,0.77,1.95,0.10,0.24
210,Exit Long,Long Exit,2021-06-21 22:45,1.3093,31,0.76,1.91,8.22,6.62,0.77,1.95,0.10,0.24
211,Entry Long,Long,2021-06-22 03:15,1.2648,31,0.23,0.59,8.45,1.9,0.30,0.77,0.02,0.04
211,Exit Long,Long Exit,2021-06-22 03:20,1.2733,31,0.23,0.59,8.45,1.9,0.30,0.77,0.02,0.04
212,Entry Short,Short,2021-06-22 04:10,1.2699,31,0.52,1.48,8.97,4.18,0.54,1.44,0.08,0.12
212,Exit Short,Short Exit,2021-06-22 04:30,1.2521,31,0.52,1.48,8.97,4.18,0.54,1.44,0.08,0.12
213,Entry Short,Short,2021-06-22 05:25,1.2663,31,-0.33,-0.67,8.65,-2.51,0.003,0.09,0.31,0.71
213,Exit Short,Short Exit,2021-06-22 05:35,1.2758,31,-0.33,-0.67,8.65,-2.51,0.003,0.09,0.31,0.71
214,Entry Short,Short,2021-06-22 06:00,1.2735,31,0.33,0.99,8.98,2.59,0.39,1.06,0.11,0.21
214,Exit Short,Short Exit,2021-06-22 06:05,1.2619,31,0.33,0.99,8.98,2.59,0.39,1.06,0.11,0.21
215,Entry Long,Long,2021-06-22 08:20,1.1862,33,0.57,1.45,9.54,4.36,0.76,1.94,0.02,0.04
215,Exit Long,Long Exit,2021-06-22 08:25,1.2043,33,0.57,1.45,9.54,4.36,0.76,1.94,0.02,0.04
216,Entry Long,Long,2021-06-22 09:40,1.1509,34,0.32,0.82,9.86,2.38,0.34,0.86,0.19,0.47
216,Exit Long,Long Exit,2021-06-22 09:45,1.1613,34,0.32,0.82,9.86,2.38,0.34,0.86,0.19,0.47
217,Entry Long,Long,2021-06-22 19:40,1.1243,35,-0.96,-2.43,8.91,-6.89,0.69,1.76,0.94,2.39
217,Exit Long,Long Exit,2021-06-22 20:30,1.0979,35,-0.96,-2.43,8.91,-6.89,0.69,1.76,0.94,2.39
218,Entry Long,Long,2021-06-22 21:30,1.0520,38,0.53,1.32,9.44,4.08,1.27,3.18,0.04,0.11
218,Exit Long,Long Exit,2021-06-22 21:35,1.0667,38,0.53,1.32,9.44,4.08,1.27,3.18,0.04,0.11
219,Entry Long,Long,2021-06-22 23:10,1.0115,39,0.43,1.1,9.87,3.22,0.50,1.26,0.02,0.04
219,Exit Long,Long Exit,2021-06-22 23:15,1.0234,39,0.43,1.1,9.87,3.22,0.50,1.26,0.02,0.04
220,Entry Long,Long,2021-06-23 05:20,1.1761,34,-0.49,-1.23,9.38,-3.54,0.19,0.48,0.47,1.19
220,Exit Long,Long Exit,2021-06-23 05:30,1.1626,34,-0.49,-1.23,9.38,-3.54,0.19,0.48,0.47,1.19
221,Entry Short,Short,2021-06-23 06:10,1.1792,33,0.47,1.37,9.85,3.52,0.49,1.33,0.20,0.44
221,Exit Short,Short Exit,2021-06-23 06:30,1.1640,33,0.47,1.37,9.85,3.52,0.49,1.33,0.20,0.44
222,Entry Long,Long,2021-06-23 08:05,1.1505,34,-0.59,-1.51,9.26,-4.28,0.15,0.39,0.58,1.47
222,Exit Long,Long Exit,2021-06-23 08:25,1.1340,34,-0.59,-1.51,9.26,-4.28,0.15,0.39,0.58,1.47
223,Entry Long,Long,2021-06-23 19:10,1.2503,31,-0.25,-0.66,9.00,-1.92,0.07,0.19,0.29,0.76
223,Exit Long,Long Exit,2021-06-23 19:15,1.2431,31,-0.25,-0.66,9.00,-1.92,0.07,0.19,0.29,0.76
224,Entry Long,Long,2021-06-23 19:40,1.2517,31,0.11,0.28,9.11,0.83,0.12,0.32,0.11,0.3
224,Exit Long,Long Exit,2021-06-23 19:45,1.2562,31,0.11,0.28,9.11,0.83,0.12,0.32,0.11,0.3
225,Entry Long,Long,2021-06-23 21:30,1.2554,31,0.26,0.68,9.37,2.01,0.28,0.72,0.16,0.42
225,Exit Long,Long Exit,2021-06-23 21:55,1.2649,31,0.26,0.68,9.37,2.01,0.28,0.72,0.16,0.42
226,Entry Short,Short,2021-06-24 01:45,1.2474,32,0.26,0.81,9.63,1.94,0.28,0.77,0.29,0.65
226,Exit Short,Short Exit,2021-06-24 02:05,1.2383,32,0.26,0.81,9.63,1.94,0.28,0.77,0.29,0.65
227,Entry Long,Long,2021-06-24 04:15,1.2283,32,-0.29,-0.74,9.34,-2.13,0.15,0.38,0.27,0.7
227,Exit Long,Long Exit,2021-06-24 04:20,1.2202,32,-0.29,-0.74,9.34,-2.13,0.15,0.38,0.27,0.7
228,Entry Short,Short,2021-06-24 05:55,1.2074,33,-0.54,-1.2,8.80,-4.07,0.13,0.41,0.53,1.24
228,Exit Short,Short Exit,2021-06-24 06:10,1.2229,33,-0.54,-1.2,8.80,-4.07,0.13,0.41,0.53,1.24
229,Entry Long,Long,2021-06-25 00:05,1.3474,29,0.33,0.85,9.13,2.59,0.43,1.09,0.03,0.08
229,Exit Long,Long Exit,2021-06-25 00:10,1.3599,29,0.33,0.85,9.13,2.59,0.43,1.09,0.03,0.08
230,Entry Long,Long,2021-06-25 06:25,1.3628,29,-0.11,-0.27,9.02,-0.81,0,0,0.17,0.43
230,Exit Long,Long Exit,2021-06-25 06:30,1.3602,29,-0.11,-0.27,9.02,-0.81,0,0,0.17,0.43
231,Entry Long,Long,2021-06-25 07:00,1.3590,29,-0.08,-0.21,8.94,-0.62,0.05,0.14,0.07,0.19
231,Exit Long,Long Exit,2021-06-25 07:05,1.3573,29,-0.08,-0.21,8.94,-0.62,0.05,0.14,0.07,0.19
232,Entry Long,Long,2021-06-25 07:40,1.3462,29,0.03,0.08,8.97,0.25,0.08,0.21,0.04,0.1
232,Exit Long,Long Exit,2021-06-25 07:45,1.3484,29,0.03,0.08,8.97,0.25,0.08,0.21,0.04,0.1
233,Entry Long,Long,2021-06-25 08:05,1.3473,29,0.11,0.29,9.09,0.88,0.13,0.33,0.17,0.44
233,Exit Long,Long Exit,2021-06-25 08:10,1.3523,29,0.11,0.29,9.09,0.88,0.13,0.33,0.17,0.44
234,Entry Short,Short,2021-06-25 13:20,1.3693,29,0.28,0.88,9.37,2.17,0.30,0.84,0.04,0.03
234,Exit Short,Short Exit,2021-06-25 13:35,1.3584,29,0.28,0.88,9.37,2.17,0.30,0.84,0.04,0.03
235,Entry Short,Short,2021-06-25 15:35,1.3519,29,-0.44,-0.96,8.93,-3.27,0,0.06,0.42,1
235,Exit Short,Short Exit,2021-06-25 15:45,1.3659,29,-0.44,-0.96,8.93,-3.27,0,0.06,0.42,1
236,Entry Short,Short,2021-06-25 16:00,1.3578,29,0.29,0.89,9.22,2.22,0.30,0.85,0.02,0
236,Exit Short,Short Exit,2021-06-25 16:05,1.3468,29,0.29,0.89,9.22,2.22,0.30,0.85,0.02,0
237,Entry Long,Long,2021-06-25 16:55,1.3285,30,-0.30,-0.76,8.92,-2.28,0.17,0.42,0.29,0.72
237,Exit Long,Long Exit,2021-06-25 17:15,1.3195,30,-0.30,-0.76,8.92,-2.28,0.17,0.42,0.29,0.72
238,Entry Short,Short,2021-06-25 18:35,1.3405,29,0.42,1.23,9.34,3.22,0.43,1.19,0.07,0.11
238,Exit Short,Short Exit,2021-06-25 18:45,1.3251,29,0.42,1.23,9.34,3.22,0.43,1.19,0.07,0.11
239,Entry Short,Short,2021-06-25 23:25,1.3196,30,0.36,1.07,9.70,2.71,0.38,1.03,0.13,0.24
239,Exit Short,Short Exit,2021-06-25 23:35,1.3065,30,0.36,1.07,9.70,2.71,0.38,1.03,0.13,0.24
240,Entry Long,Long,2021-06-26 00:30,1.2784,31,-0.16,-0.4,9.54,-1.16,0.17,0.42,0.14,0.36
240,Exit Long,Long Exit,2021-06-26 00:35,1.2743,31,-0.16,-0.4,9.54,-1.16,0.17,0.42,0.14,0.36
241,Entry Long,Long,2021-06-26 01:50,1.2552,31,0.33,0.85,9.87,2.45,0.35,0.89,0.31,0.79
241,Exit Long,Long Exit,2021-06-26 02:00,1.2669,31,0.33,0.85,9.87,2.45,0.35,0.89,0.31,0.79
242,Entry Short,Short,2021-06-26 02:30,1.2657,31,0.30,0.92,10.17,2.14,0.31,0.88,0.16,0.33
242,Exit Short,Short Exit,2021-06-26 02:40,1.2551,31,0.30,0.92,10.17,2.14,0.31,0.88,0.16,0.33
243,Entry Short,Short,2021-06-26 03:35,1.2725,31,-0.52,-1.17,9.64,-3.7,0,0.04,0.51,1.21
243,Exit Short,Short Exit,2021-06-26 03:45,1.2884,31,-0.52,-1.17,9.64,-3.7,0,0.04,0.51,1.21
244,Entry Short,Short,2021-06-26 03:55,1.2834,31,0.14,0.5,9.78,0.99,0.20,0.58,0.16,0.31
244,Exit Short,Short Exit,2021-06-26 04:00,1.2780,31,0.14,0.5,9.78,0.99,0.20,0.58,0.16,0.31
245,Entry Short,Short,2021-06-26 06:05,1.2831,31,0.26,0.82,10.04,1.91,0.28,0.78,0.10,0.16
245,Exit Short,Short Exit,2021-06-26 06:10,1.2736,31,0.26,0.82,10.04,1.91,0.28,0.78,0.10,0.16
246,Entry Long,Long,2021-06-26 07:20,1.2760,31,0.05,0.12,10.09,0.35,0.06,0.16,0.15,0.38
246,Exit Long,Long Exit,2021-06-26 07:25,1.2786,31,0.05,0.12,10.09,0.35,0.06,0.16,0.15,0.38
247,Entry Short,Short,2021-06-26 08:55,1.2632,31,0.37,1.12,10.47,2.66,0.39,1.08,0.13,0.24
247,Exit Short,Short Exit,2021-06-26 09:00,1.2501,31,0.37,1.12,10.47,2.66,0.39,1.08,0.13,0.24
248,Entry Short,Short,2021-06-26 10:05,1.2682,31,0.16,0.57,10.63,1.11,0.18,0.53,0.06,0.06
248,Exit Short,Short Exit,2021-06-26 10:10,1.2620,31,0.16,0.57,10.63,1.11,0.18,0.53,0.06,0.06
249,Entry Long,Long,2021-06-26 11:00,1.2597,31,-0.58,-1.49,10.04,-3.98,0.21,0.53,0.57,1.45
249,Exit Long,Long Exit,2021-06-26 11:30,1.2419,31,-0.58,-1.49,10.04,-3.98,0.21,0.53,0.57,1.45
250,Entry Short,Short,2021-06-26 15:25,1.2802,31,-0.09,-0.08,9.95,-0.67,0.01,0.11,0.12,0.23
250,Exit Short,Short Exit,2021-06-26 15:30,1.2822,31,-0.09,-0.08,9.95,-0.67,0.01,0.11,0.12,0.23
251,Entry Short,Short,2021-06-26 15:40,1.2748,31,0.28,0.87,10.23,2.02,0.40,1.08,0.02,0
251,Exit Short,Short Exit,2021-06-26 15:45,1.2647,31,0.28,0.87,10.23,2.02,0.40,1.08,0.02,0
252,Entry Short,Short,2021-06-27 01:05,1.2284,32,0.33,0.99,10.56,2.3,0.34,0.95,0.11,0.2
252,Exit Short,Short Exit,2021-06-27 01:15,1.2172,32,0.33,0.99,10.56,2.3,0.34,0.95,0.11,0.2
253,Entry Long,Long,2021-06-27 06:30,1.2172,32,0.06,0.14,10.61,0.38,0.18,0.46,0.02,0.04
253,Exit Long,Long Exit,2021-06-27 06:35,1.2199,32,0.06,0.14,10.61,0.38,0.18,0.46,0.02,0.04
254,Entry Long,Long,2021-06-27 20:00,1.2431,32,0.15,0.38,10.76,1.03,0.17,0.43,0.10,0.24
254,Exit Long,Long Exit,2021-06-27 20:05,1.2488,32,0.15,0.38,10.76,1.03,0.17,0.43,0.10,0.24
255,Entry Short,Short,2021-06-27 20:50,1.2486,32,-0.33,-0.66,10.44,-2.21,0.04,0.17,0.34,0.78
255,Exit Short,Short Exit,2021-06-27 20:55,1.2578,32,-0.33,-0.66,10.44,-2.21,0.04,0.17,0.34,0.78
256,Entry Short,Short,2021-06-28 03:05,1.2596,31,0.25,0.79,10.69,1.72,0.26,0.75,0.02,0
256,Exit Short,Short Exit,2021-06-28 03:10,1.2506,31,0.25,0.79,10.69,1.72,0.26,0.75,0.02,0
257,Entry Long,Long,2021-06-28 12:40,1.3152,30,0.02,0.05,10.71,0.13,0.04,0.09,0.05,0.13
257,Exit Long,Long Exit,2021-06-28 12:45,1.3169,30,0.02,0.05,10.71,0.13,0.04,0.09,0.05,0.13
258,Entry Long,Long,2021-06-28 19:40,1.3142,30,0.01,0.03,10.72,0.07,0.03,0.07,0.19,0.49
258,Exit Long,Long Exit,2021-06-28 19:45,1.3156,30,0.01,0.03,10.72,0.07,0.03,0.07,0.19,0.49
259,Entry Long,Long,2021-06-28 20:40,1.3145,30,-0.18,-0.46,10.53,-1.23,0.07,0.18,0.17,0.42
259,Exit Long,Long Exit,2021-06-28 20:55,1.3095,30,-0.18,-0.46,10.53,-1.23,0.07,0.18,0.17,0.42
260,Entry Long,Long,2021-06-28 21:25,1.3171,30,-0.26,-0.66,10.27,-1.81,0,0,0.25,0.62
260,Exit Long,Long Exit,2021-06-28 21:30,1.3094,30,-0.26,-0.66,10.27,-1.81,0,0,0.25,0.62
261,Entry Long,Long,2021-06-29 04:10,1.3224,30,0.27,0.68,10.54,1.88,0.28,0.72,0.11,0.29
261,Exit Long,Long Exit,2021-06-29 04:25,1.3324,30,0.27,0.68,10.54,1.88,0.28,0.72,0.11,0.29
262,Entry Short,Short,2021-06-29 07:05,1.3282,30,0.41,1.18,10.95,2.79,0.42,1.14,0.03,0
262,Exit Short,Short Exit,2021-06-29 07:30,1.3136,30,0.41,1.18,10.95,2.79,0.42,1.14,0.03,0
263,Entry Long,Long,2021-06-30 03:45,1.3847,28,0.14,0.35,11.08,0.92,0.15,0.39,0.18,0.45
263,Exit Long,Long Exit,2021-06-30 05:00,1.3907,28,0.14,0.35,11.08,0.92,0.15,0.39,0.18,0.45
264,Entry Short,Short,2021-06-30 05:30,1.3929,28,0.09,0.4,11.18,0.63,0.11,0.36,0.14,0.28
264,Exit Short,Short Exit,2021-06-30 05:40,1.3884,28,0.09,0.4,11.18,0.63,0.11,0.36,0.14,0.28
265,Entry Short,Short,2021-06-30 07:05,1.3930,28,0.07,0.35,11.25,0.48,0.10,0.33,0.03,0
265,Exit Short,Short Exit,2021-06-30 07:10,1.3893,28,0.07,0.35,11.25,0.48,0.10,0.33,0.03,0
266,Entry Long,Long,2021-06-30 07:55,1.3739,29,-0.30,-0.76,10.95,-1.98,0,0,0.30,0.76
266,Exit Long,Long Exit,2021-06-30 08:00,1.3646,29,-0.30,-0.76,10.95,-1.98,0,0,0.30,0.76
267,Entry Short,Short,2021-06-30 08:50,1.3745,29,0.18,0.6,11.13,1.18,0.21,0.61,0.02,0
267,Exit Short,Short Exit,2021-06-30 08:55,1.3673,29,0.18,0.6,11.13,1.18,0.21,0.61,0.02,0
268,Entry Long,Long,2021-06-30 09:35,1.3772,29,-0.30,-0.76,10.82,-2.01,0.11,0.28,0.29,0.72
268,Exit Long,Long Exit,2021-06-30 10:00,1.3678,29,-0.30,-0.76,10.82,-2.01,0.11,0.28,0.29,0.72
269,Entry Short,Short,2021-06-30 12:05,1.3560,29,0.22,0.73,11.05,1.51,0.24,0.69,0.03,0
269,Exit Short,Short Exit,2021-06-30 12:10,1.3472,29,0.22,0.73,11.05,1.51,0.24,0.69,0.03,0
270,Entry Long,Long,2021-06-30 13:20,1.3474,29,-0.30,-0.78,10.74,-2.02,0.14,0.35,0.29,0.74
270,Exit Long,Long Exit,2021-06-30 13:40,1.3380,29,-0.30,-0.78,10.74,-2.02,0.14,0.35,0.29,0.74
271,Entry Long,Long,2021-06-30 14:20,1.3327,30,0.23,0.57,10.97,1.53,0.24,0.61,0.21,0.54
271,Exit Long,Long Exit,2021-06-30 15:00,1.3413,30,0.23,0.57,10.97,1.53,0.24,0.61,0.21,0.54
272,Entry Short,Short,2021-06-30 15:25,1.3422,29,-0.15,-0.23,10.82,-1,0.07,0.26,0.13,0.27
272,Exit Short,Short Exit,2021-06-30 15:30,1.3463,29,-0.15,-0.23,10.82,-1,0.07,0.26,0.13,0.27
273,Entry Short,Short,2021-06-30 15:40,1.3407,29,0.16,0.57,10.98,1.08,0.18,0.53,0.13,0.26
273,Exit Short,Short Exit,2021-06-30 16:10,1.3341,29,0.16,0.57,10.98,1.08,0.18,0.53,0.13,0.26
274,Entry Short,Short,2021-06-30 17:10,1.3470,29,0.19,0.64,11.16,1.24,0.20,0.6,0.19,0.4
274,Exit Short,Short Exit,2021-06-30 17:45,1.3395,29,0.19,0.64,11.16,1.24,0.20,0.6,0.19,0.4
275,Entry Long,Long,2021-06-30 18:55,1.3262,30,0.09,0.24,11.26,0.62,0.11,0.28,0.07,0.17
275,Exit Long,Long Exit,2021-06-30 19:00,1.3304,30,0.09,0.24,11.26,0.62,0.11,0.28,0.07,0.17
276,Entry Short,Short,2021-06-30 19:45,1.3352,29,-0.14,-0.21,11.11,-0.94,0.06,0.23,0.13,0.25
276,Exit Short,Short Exit,2021-06-30 20:00,1.3391,29,-0.14,-0.21,11.11,-0.94,0.06,0.23,0.13,0.25
277,Entry Short,Short,2021-06-30 23:25,1.3203,30,0.25,0.78,11.36,1.64,0.26,0.74,0.29,0.65
277,Exit Short,Short Exit,2021-07-01 00:00,1.3110,30,0.25,0.78,11.36,1.64,0.26,0.74,0.29,0.65
278,Entry Long,Long,2021-07-01 13:25,1.3345,29,-0.10,-0.27,11.26,-0.67,0.03,0.06,0.12,0.3
278,Exit Long,Long Exit,2021-07-01 13:30,1.3320,29,-0.10,-0.27,11.26,-0.67,0.03,0.06,0.12,0.3
279,Entry Short,Short,2021-07-01 15:20,1.3532,29,0.13,0.5,11.39,0.88,0.15,0.46,0.06,0.06
279,Exit Short,Short Exit,2021-07-01 15:25,1.3475,29,0.13,0.5,11.39,0.88,0.15,0.46,0.06,0.06
280,Entry Long,Long,2021-07-01 16:20,1.3244,30,-0.41,-1.03,10.98,-2.66,0.13,0.33,0.39,0.99
280,Exit Long,Long Exit,2021-07-01 18:15,1.3118,30,-0.41,-1.03,10.98,-2.66,0.13,0.33,0.39,0.99
281,Entry Short,Short,2021-07-01 20:00,1.3109,30,-0.20,-0.35,10.78,-1.35,0.01,0.11,0.19,0.39
281,Exit Short,Short Exit,2021-07-01 20:05,1.3166,30,-0.20,-0.35,10.78,-1.35,0.01,0.11,0.19,0.39
282,Entry Short,Short,2021-07-02 01:50,1.3294,30,-0.31,-0.63,10.47,-2.12,0.19,0.54,0.30,0.67
282,Exit Short,Short Exit,2021-07-02 03:20,1.3388,30,-0.31,-0.63,10.47,-2.12,0.19,0.54,0.30,0.67
283,Entry Short,Short,2021-07-02 10:10,1.3447,29,0.09,0.39,10.56,0.63,0.11,0.35,0.05,0.06
283,Exit Short,Short Exit,2021-07-02 10:15,1.3405,29,0.09,0.39,10.56,0.63,0.11,0.35,0.05,0.06
284,Entry Short,Short,2021-07-02 14:35,1.3050,30,0.14,0.52,10.70,0.98,0.18,0.54,0.12,0.23
284,Exit Short,Short Exit,2021-07-02 14:40,1.2992,30,0.14,0.52,10.70,0.98,0.18,0.54,0.12,0.23
285,Entry Long,Long,2021-07-02 15:35,1.2957,30,-0.31,-0.81,10.39,-2.13,0,0,0.37,0.94
285,Exit Long,Long Exit,2021-07-02 15:40,1.2863,30,-0.31,-0.81,10.39,-2.13,0,0,0.37,0.94
286,Entry Short,Short,2021-07-02 18:05,1.3123,30,0.14,0.52,10.53,0.99,0.16,0.48,0.05,0.04
286,Exit Short,Short Exit,2021-07-02 18:15,1.3065,30,0.14,0.52,10.53,0.99,0.16,0.48,0.05,0.04
287,Entry Short,Short,2021-07-02 20:30,1.2946,30,0.14,0.53,10.67,0.98,0.18,0.55,0.06,0.08
287,Exit Short,Short Exit,2021-07-02 20:35,1.2888,30,0.14,0.53,10.67,0.98,0.18,0.55,0.06,0.08
288,Entry Long,Long,2021-07-03 22:30,1.4209,28,0.11,0.29,10.79,0.78,0.13,0.33,0.14,0.36
288,Exit Long,Long Exit,2021-07-03 23:35,1.4261,28,0.11,0.29,10.79,0.78,0.13,0.33,0.14,0.36
289,Entry Long,Long,2021-07-04 08:35,1.3945,28,0.21,0.54,11.00,1.44,0.23,0.58,0.05,0.13
289,Exit Long,Long Exit,2021-07-04 08:50,1.4032,28,0.21,0.54,11.00,1.44,0.23,0.58,0.05,0.13
290,Entry Short,Short,2021-07-04 09:10,1.3993,28,-0.20,-0.35,10.80,-1.33,0.07,0.27,0.18,0.39
290,Exit Short,Short Exit,2021-07-04 09:20,1.4053,28,-0.20,-0.35,10.80,-1.33,0.07,0.27,0.18,0.39
291,Entry Long,Long,2021-07-04 10:45,1.3927,28,-0.21,-0.53,10.59,-1.4,0.03,0.09,0.19,0.49
291,Exit Long,Long Exit,2021-07-04 10:55,1.3864,28,-0.21,-0.53,10.59,-1.4,0.03,0.09,0.19,0.49
292,Entry Short,Short,2021-07-04 12:00,1.3960,28,0.02,0.2,10.61,0.11,0.07,0.25,0.02,0
292,Exit Short,Short Exit,2021-07-04 12:05,1.3943,28,0.02,0.2,10.61,0.11,0.07,0.25,0.02,0
293,Entry Long,Long,2021-07-05 09:30,1.4466,27,0.08,0.22,10.69,0.58,0.14,0.36,0.05,0.12
293,Exit Long,Long Exit,2021-07-05 09:35,1.4509,27,0.08,0.22,10.69,0.58,0.14,0.36,0.05,0.12
294,Entry Long,Long,2021-07-05 11:40,1.4247,28,-0.20,-0.51,10.49,-1.38,0.01,0.02,0.19,0.47
294,Exit Long,Long Exit,2021-07-05 11:45,1.4186,28,-0.20,-0.51,10.49,-1.38,0.01,0.02,0.19,0.47
295,Entry Long,Long,2021-07-05 12:15,1.4205,28,0.11,0.29,10.60,0.78,0.14,0.34,0.05,0.12
295,Exit Long,Long Exit,2021-07-05 12:20,1.4257,28,0.11,0.29,10.60,0.78,0.14,0.34,0.05,0.12
296,Entry Short,Short,2021-07-05 13:10,1.4162,28,-0.46,-1,10.14,-3.15,0.32,0.89,0.44,1.04
296,Exit Short,Short Exit,2021-07-05 19:45,1.4315,28,-0.46,-1,10.14,-3.15,0.32,0.89,0.44,1.04
297,Entry Short,Short,2021-07-05 23:00,1.4021,28,-0.22,-0.39,9.93,-1.53,0.06,0.23,0.20,0.43
297,Exit Short,Short Exit,2021-07-05 23:15,1.4087,28,-0.22,-0.39,9.93,-1.53,0.06,0.23,0.20,0.43
298,Entry Short,Short,2021-07-06 01:45,1.4002,28,-0.14,-0.18,9.79,-0.97,0.06,0.24,0.12,0.22
298,Exit Short,Short Exit,2021-07-06 01:50,1.4039,28,-0.14,-0.18,9.79,-0.97,0.06,0.24,0.12,0.22
299,Entry Long,Long,2021-07-07 01:45,1.4068,28,0.03,0.08,9.82,0.22,0.10,0.26,0.04,0.11
299,Exit Long,Long Exit,2021-07-07 01:50,1.4090,28,0.03,0.08,9.82,0.22,0.10,0.26,0.04,0.11
300,Entry Short,Short,2021-07-07 02:10,1.4075,28,0.26,0.82,10.08,1.88,0.36,0.99,0.04,0.02
300,Exit Short,Short Exit,2021-07-07 02:15,1.3971,28,0.26,0.82,10.08,1.88,0.36,0.99,0.04,0.02
301,Entry Long,Long,2021-07-07 02:50,1.4050,28,0.08,0.2,10.16,0.57,0.13,0.33,0.03,0.07
301,Exit Long,Long Exit,2021-07-07 02:55,1.4090,28,0.08,0.2,10.16,0.57,0.13,0.33,0.03,0.07
302,Entry Short,Short,2021-07-07 03:40,1.4098,28,0.05,0.29,10.21,0.37,0.10,0.34,0.02,0
302,Exit Short,Short Exit,2021-07-07 03:45,1.4068,28,0.05,0.29,10.21,0.37,0.10,0.34,0.02,0
303,Entry Short,Short,2021-07-07 05:15,1.4043,28,0.10,0.41,10.31,0.69,0.11,0.37,0.12,0.23
303,Exit Short,Short Exit,2021-07-07 05:40,1.3997,28,0.10,0.41,10.31,0.69,0.11,0.37,0.12,0.23
304,Entry Long,Long,2021-07-07 19:35,1.4231,28,-0.13,-0.33,10.18,-0.91,0.03,0.07,0.11,0.29
304,Exit Long,Long Exit,2021-07-07 19:40,1.4196,28,-0.13,-0.33,10.18,-0.91,0.03,0.07,0.11,0.29
305,Entry Long,Long,2021-07-08 00:50,1.4217,28,-0.11,-0.28,10.07,-0.8,0,0,0.16,0.41
305,Exit Long,Long Exit,2021-07-08 00:55,1.4188,28,-0.11,-0.28,10.07,-0.8,0,0,0.16,0.41
306,Entry Long,Long,2021-07-08 01:25,1.4251,28,-0.20,-0.5,9.87,-1.42,0.03,0.07,0.18,0.46
306,Exit Long,Long Exit,2021-07-08 02:20,1.4191,28,-0.20,-0.5,9.87,-1.42,0.03,0.07,0.18,0.46
307,Entry Short,Short,2021-07-08 03:55,1.4220,28,0.002,0.16,9.87,0.01,0.04,0.17,0.02,0
307,Exit Short,Short Exit,2021-07-08 04:00,1.4208,28,0.002,0.16,9.87,0.01,0.04,0.17,0.02,0
308,Entry Long,Long,2021-07-08 08:30,1.4013,28,0.02,0.04,9.89,0.12,0.05,0.13,0.08,0.2
308,Exit Long,Long Exit,2021-07-08 08:35,1.4030,28,0.02,0.04,9.89,0.12,0.05,0.13,0.08,0.2
309,Entry Short,Short,2021-07-08 11:30,1.3893,28,0.08,0.35,9.96,0.54,0.09,0.31,0.10,0.18
309,Exit Short,Short Exit,2021-07-08 12:05,1.3855,28,0.08,0.35,9.96,0.54,0.09,0.31,0.10,0.18
310,Entry Long,Long,2021-07-08 12:40,1.3884,28,-0.31,-0.79,9.65,-2.21,0,0,0.29,0.75
310,Exit Long,Long Exit,2021-07-08 13:00,1.3785,28,-0.31,-0.79,9.65,-2.21,0,0,0.29,0.75
311,Entry Short,Short,2021-07-08 14:20,1.3798,28,0.19,0.66,9.85,1.41,0.21,0.62,0.05,0.06
311,Exit Short,Short Exit,2021-07-08 14:40,1.3718,28,0.19,0.66,9.85,1.41,0.21,0.62,0.05,0.06
312,Entry Short,Short,2021-07-08 15:35,1.3751,29,0.21,0.68,10.05,1.49,0.22,0.64,0.05,0.05
312,Exit Short,Short Exit,2021-07-08 16:25,1.3669,29,0.21,0.68,10.05,1.49,0.22,0.64,0.05,0.05
313,Entry Short,Short,2021-07-08 18:15,1.3568,29,-0.33,-0.67,9.73,-2.33,0.03,0.15,0.31,0.71
313,Exit Short,Short Exit,2021-07-08 18:30,1.3670,29,-0.33,-0.67,9.73,-2.33,0.03,0.15,0.31,0.71
314,Entry Short,Short,2021-07-08 19:00,1.3618,29,-0.19,-0.32,9.53,-1.39,0.08,0.28,0.18,0.36
314,Exit Short,Short Exit,2021-07-08 19:15,1.3673,29,-0.19,-0.32,9.53,-1.39,0.08,0.28,0.18,0.36
315,Entry Short,Short,2021-07-08 19:50,1.3673,29,0.10,0.41,9.63,0.73,0.11,0.37,0.04,0.01
315,Exit Short,Short Exit,2021-07-08 19:55,1.3628,29,0.10,0.41,9.63,0.73,0.11,0.37,0.04,0.01
316,Entry Long,Long,2021-07-08 23:00,1.3468,29,0.15,0.37,9.78,1.07,0.16,0.41,0.05,0.14
316,Exit Long,Long Exit,2021-07-08 23:05,1.3529,29,0.15,0.37,9.78,1.07,0.16,0.41,0.05,0.14
317,Entry Short,Short,2021-07-09 05:20,1.3578,29,0.14,0.52,9.92,1.03,0.16,0.48,0.06,0.08
317,Exit Short,Short Exit,2021-07-09 05:55,1.3518,29,0.14,0.52,9.92,1.03,0.16,0.48,0.06,0.08
318,Entry Long,Long,2021-07-09 06:15,1.3593,29,-0.23,-0.58,9.69,-1.64,0.02,0.06,0.26,0.65
318,Exit Long,Long Exit,2021-07-09 06:20,1.3525,29,-0.23,-0.58,9.69,-1.64,0.02,0.06,0.26,0.65
319,Entry Short,Short,2021-07-09 08:55,1.3314,30,0.33,0.99,10.02,2.42,0.35,0.95,0.06,0.07
319,Exit Short,Short Exit,2021-07-09 09:05,1.3193,30,0.33,0.99,10.02,2.42,0.35,0.95,0.06,0.07
320,Entry Long,Long,2021-07-09 10:05,1.2969,30,-0.26,-0.66,9.77,-1.83,0.03,0.07,0.37,0.96
320,Exit Long,Long Exit,2021-07-09 10:10,1.2894,30,-0.26,-0.66,9.77,-1.83,0.03,0.07,0.37,0.96
321,Entry Long,Long,2021-07-09 10:25,1.2987,30,0.27,0.69,10.04,1.95,0.28,0.73,0.20,0.5
321,Exit Long,Long Exit,2021-07-09 11:20,1.3087,30,0.27,0.69,10.04,1.95,0.28,0.73,0.20,0.5
322,Entry Short,Short,2021-07-09 11:50,1.3125,30,0.03,0.23,10.07,0.2,0.09,0.3,0.03,0
322,Exit Short,Short Exit,2021-07-09 11:55,1.3105,30,0.03,0.23,10.07,0.2,0.09,0.3,0.03,0
323,Entry Short,Short,2021-07-09 17:05,1.3260,30,0.15,0.54,10.22,1.08,0.17,0.5,0.10,0.16
323,Exit Short,Short Exit,2021-07-09 17:15,1.3199,30,0.15,0.54,10.22,1.08,0.17,0.5,0.10,0.16
324,Entry Long,Long,2021-07-09 17:40,1.3191,30,-0.15,-0.37,10.07,-1.02,0,0,0.14,0.34
324,Exit Long,Long Exit,2021-07-09 17:45,1.3153,30,-0.15,-0.37,10.07,-1.02,0,0,0.14,0.34
325,Entry Short,Short,2021-07-09 18:45,1.3276,30,0.26,0.81,10.33,1.84,0.28,0.77,0.22,0.47
325,Exit Short,Short Exit,2021-07-09 21:05,1.3179,30,0.26,0.81,10.33,1.84,0.28,0.77,0.22,0.47
326,Entry Long,Long,2021-07-10 03:05,1.3480,29,0.01,0.02,10.34,0.06,0.08,0.21,0.02,0.04
326,Exit Long,Long Exit,2021-07-10 03:10,1.3494,29,0.01,0.02,10.34,0.06,0.08,0.21,0.02,0.04
327,Entry Long,Long,2021-07-10 04:25,1.3402,29,-0.08,-0.21,10.26,-0.58,0.05,0.12,0.07,0.19
327,Exit Long,Long Exit,2021-07-10 04:30,1.3384,29,-0.08,-0.21,10.26,-0.58,0.05,0.12,0.07,0.19
328,Entry Long,Long,2021-07-10 12:05,1.3418,29,-0.11,-0.29,10.14,-0.79,0.08,0.21,0.10,0.25
328,Exit Long,Long Exit,2021-07-10 12:30,1.3390,29,-0.11,-0.29,10.14,-0.79,0.08,0.21,0.10,0.25
329,Entry Short,Short,2021-07-10 13:45,1.3409,29,0.16,0.57,10.30,1.13,0.18,0.53,0.03,0
329,Exit Short,Short Exit,2021-07-10 13:50,1.3343,29,0.16,0.57,10.30,1.13,0.18,0.53,0.03,0
330,Entry Short,Short,2021-07-10 18:20,1.3400,29,-0.16,-0.26,10.14,-1.15,0,0.04,0.18,0.37
330,Exit Short,Short Exit,2021-07-10 18:25,1.3446,29,-0.16,-0.26,10.14,-1.15,0,0.04,0.18,0.37
331,Entry Short,Short,2021-07-10 18:40,1.3425,29,0.03,0.24,10.17,0.23,0.05,0.2,0.07,0.11
331,Exit Short,Short Exit,2021-07-10 18:50,1.3403,29,0.03,0.24,10.17,0.23,0.05,0.2,0.07,0.11
332,Entry Short,Short,2021-07-10 21:00,1.3308,30,-0.26,-0.48,9.92,-1.81,0.11,0.36,0.24,0.52
332,Exit Short,Short Exit,2021-07-10 21:50,1.3383,30,-0.26,-0.48,9.92,-1.81,0.11,0.36,0.24,0.52
333,Entry Short,Short,2021-07-10 22:30,1.3333,30,0.09,0.37,10.00,0.61,0.10,0.34,0.07,0.1
333,Exit Short,Short Exit,2021-07-10 22:35,1.3294,30,0.09,0.37,10.00,0.61,0.10,0.34,0.07,0.1
334,Entry Long,Long,2021-07-10 23:15,1.3243,30,-0.09,-0.22,9.91,-0.63,0.02,0.05,0.20,0.49
334,Exit Long,Long Exit,2021-07-10 23:20,1.3224,30,-0.09,-0.22,9.91,-0.63,0.02,0.05,0.20,0.49
335,Entry Long,Long,2021-07-11 03:25,1.3220,30,0.03,0.07,9.94,0.2,0.04,0.11,0.05,0.12
335,Exit Long,Long Exit,2021-07-11 03:30,1.3240,30,0.03,0.07,9.94,0.2,0.04,0.11,0.05,0.12
336,Entry Short,Short,2021-07-11 05:05,1.3300,30,0.11,0.43,10.05,0.78,0.16,0.47,0.03,0
336,Exit Short,Short Exit,2021-07-11 05:10,1.3253,30,0.11,0.43,10.05,0.78,0.16,0.47,0.03,0
337,Entry Long,Long,2021-07-11 16:10,1.3329,30,-0.15,-0.37,9.90,-1.06,0,0,0.13,0.33
337,Exit Long,Long Exit,2021-07-11 16:15,1.3290,30,-0.15,-0.37,9.90,-1.06,0,0,0.13,0.33
338,Entry Long,Long,2021-07-12 21:15,1.3384,29,-0.09,-0.24,9.81,-0.68,0.03,0.07,0.10,0.26
338,Exit Long,Long Exit,2021-07-12 21:20,1.3362,29,-0.09,-0.24,9.81,-0.68,0.03,0.07,0.10,0.26
339,Entry Short,Short,2021-07-12 23:10,1.3350,29,0.11,0.44,9.91,0.78,0.12,0.4,0.11,0.2
339,Exit Short,Short Exit,2021-07-13 00:00,1.3302,29,0.11,0.44,9.91,0.78,0.12,0.4,0.11,0.2
340,Entry Long,Long,2021-07-13 00:30,1.3316,30,-0.12,-0.3,9.79,-0.85,0.03,0.07,0.10,0.26
340,Exit Long,Long Exit,2021-07-13 00:35,1.3287,30,-0.12,-0.3,9.79,-0.85,0.03,0.07,0.10,0.26
341,Entry Long,Long,2021-07-13 01:40,1.3161,30,-0.19,-0.47,9.61,-1.36,0.02,0.05,0.28,0.71
341,Exit Long,Long Exit,2021-07-13 01:45,1.3109,30,-0.19,-0.47,9.61,-1.36,0.02,0.05,0.28,0.71
342,Entry Long,Long,2021-07-13 03:15,1.3064,30,-0.09,-0.22,9.52,-0.63,0.02,0.05,0.11,0.27
342,Exit Long,Long Exit,2021-07-13 03:20,1.3046,30,-0.09,-0.22,9.52,-0.63,0.02,0.05,0.11,0.27
343,Entry Long,Long,2021-07-13 03:40,1.3070,30,-0.14,-0.36,9.38,-1.05,0.01,0.02,0.13,0.32
343,Exit Long,Long Exit,2021-07-13 03:55,1.3033,30,-0.14,-0.36,9.38,-1.05,0.01,0.02,0.13,0.32
344,Entry Long,Long,2021-07-13 04:10,1.3147,30,-0.42,-1.05,8.96,-3.1,0,0,0.40,1.01
344,Exit Long,Long Exit,2021-07-13 04:25,1.3019,30,-0.42,-1.05,8.96,-3.1,0,0,0.40,1.01
345,Entry Long,Long,2021-07-13 05:20,1.3034,30,0.22,0.56,9.18,1.7,0.24,0.6,0.17,0.45
345,Exit Long,Long Exit,2021-07-13 07:10,1.3118,30,0.22,0.56,9.18,1.7,0.24,0.6,0.17,0.45
346,Entry Short,Short,2021-07-13 09:05,1.3043,30,-0.38,-0.82,8.80,-2.9,0.10,0.33,0.37,0.86
346,Exit Short,Short Exit,2021-07-13 09:45,1.3160,30,-0.38,-0.82,8.80,-2.9,0.10,0.33,0.37,0.86
347,Entry Short,Short,2021-07-13 10:00,1.3104,30,0.10,0.42,8.90,0.79,0.13,0.4,0.02,0
347,Exit Short,Short Exit,2021-07-13 10:05,1.3060,30,0.10,0.42,8.90,0.79,0.13,0.4,0.02,0
348,Entry Short,Short,2021-07-13 11:10,1.3078,30,-0.14,-0.19,8.77,-1.06,0.07,0.25,0.12,0.23
348,Exit Short,Short Exit,2021-07-13 11:30,1.3113,30,-0.14,-0.19,8.77,-1.06,0.07,0.25,0.12,0.23
349,Entry Short,Short,2021-07-13 11:50,1.3080,30,-0.15,-0.21,8.62,-1.14,0.07,0.25,0.13,0.25
349,Exit Short,Short Exit,2021-07-13 12:10,1.3118,30,-0.15,-0.21,8.62,-1.14,0.07,0.25,0.13,0.25
350,Entry Short,Short,2021-07-13 12:40,1.3093,30,0.05,0.29,8.67,0.42,0.07,0.25,0.05,0.04
350,Exit Short,Short Exit,2021-07-13 13:20,1.3065,30,0.05,0.29,8.67,0.42,0.07,0.25,0.05,0.04
351,Entry Short,Short,2021-07-13 16:00,1.2964,30,-0.20,-0.36,8.47,-1.6,0,0.04,0.24,0.55
351,Exit Short,Short Exit,2021-07-13 16:05,1.3021,30,-0.20,-0.36,8.47,-1.6,0,0.04,0.24,0.55
352,Entry Long,Long,2021-07-13 20:30,1.2950,30,0.09,0.24,8.57,0.76,0.11,0.28,0.02,0.06
352,Exit Long,Long Exit,2021-07-13 20:35,1.2992,30,0.09,0.24,8.57,0.76,0.11,0.28,0.02,0.06
353,Entry Short,Short,2021-07-13 23:20,1.2781,31,-0.14,-0.19,8.43,-1.12,0.09,0.3,0.12,0.23
353,Exit Short,Short Exit,2021-07-14 00:15,1.2816,31,-0.14,-0.19,8.43,-1.12,0.09,0.3,0.12,0.23
354,Entry Short,Short,2021-07-14 06:20,1.2600,31,-0.18,-0.29,8.25,-1.42,0.08,0.28,0.16,0.33
354,Exit Short,Short Exit,2021-07-14 07:05,1.2647,31,-0.18,-0.29,8.25,-1.42,0.08,0.28,0.16,0.33
355,Entry Short,Short,2021-07-14 07:20,1.2609,31,0.08,0.37,8.33,0.66,0.10,0.33,0.14,0.27
355,Exit Short,Short Exit,2021-07-14 07:40,1.2573,31,0.08,0.37,8.33,0.66,0.10,0.33,0.14,0.27
356,Entry Short,Short,2021-07-14 09:20,1.2620,31,0.20,0.67,8.53,1.61,0.21,0.63,0.03,0
356,Exit Short,Short Exit,2021-07-14 09:25,1.2546,31,0.20,0.67,8.53,1.61,0.21,0.63,0.03,0
357,Entry Long,Long,2021-07-14 10:35,1.2290,32,0.18,0.46,8.71,1.43,0.25,0.64,0.02,0.04
357,Exit Long,Long Exit,2021-07-14 10:40,1.2356,32,0.18,0.46,8.71,1.43,0.25,0.64,0.02,0.04
358,Entry Short,Short,2021-07-14 12:10,1.2397,32,0.19,0.64,8.90,1.51,0.21,0.6,0.11,0.19
358,Exit Short,Short Exit,2021-07-14 12:20,1.2327,32,0.19,0.64,8.90,1.51,0.21,0.6,0.11,0.19
359,Entry Long,Long,2021-07-14 13:00,1.2160,32,-0.15,-0.38,8.75,-1.13,0.06,0.15,0.17,0.43
359,Exit Long,Long Exit,2021-07-14 13:05,1.2124,32,-0.15,-0.38,8.75,-1.13,0.06,0.15,0.17,0.43
360,Entry Short,Short,2021-07-14 13:45,1.2223,32,0.09,0.4,8.85,0.73,0.17,0.51,0.02,0
360,Exit Short,Short Exit,2021-07-14 13:50,1.2184,32,0.09,0.4,8.85,0.73,0.17,0.51,0.02,0
361,Entry Short,Short,2021-07-14 16:00,1.2064,33,-0.28,-0.54,8.57,-2.18,0.01,0.1,0.26,0.58
361,Exit Short,Short Exit,2021-07-14 16:05,1.2139,33,-0.28,-0.54,8.57,-2.18,0.01,0.1,0.26,0.58
362,Entry Long,Long,2021-07-15 04:40,1.2683,31,-0.26,-0.66,8.31,-2.05,0.14,0.35,0.24,0.62
362,Exit Long,Long Exit,2021-07-15 08:10,1.2610,31,-0.26,-0.66,8.31,-2.05,0.14,0.35,0.24,0.62
363,Entry Long,Long,2021-07-15 09:35,1.2607,31,0.11,0.29,8.42,0.93,0.13,0.34,0.02,0.05
363,Exit Long,Long Exit,2021-07-15 09:40,1.2654,31,0.11,0.29,8.42,0.93,0.13,0.34,0.02,0.05
364,Entry Long,Long,2021-07-15 12:25,1.2492,32,0.12,0.31,8.55,1,0.16,0.39,0.03,0.07
364,Exit Long,Long Exit,2021-07-15 12:30,1.2541,32,0.12,0.31,8.55,1,0.16,0.39,0.03,0.07
365,Entry Long,Long,2021-07-15 17:05,1.2444,32,-0.45,-1.13,8.10,-3.59,0.0001,0,0.44,1.09
365,Exit Long,Long Exit,2021-07-15 17:30,1.2313,32,-0.45,-1.13,8.10,-3.59,0.0001,0,0.44,1.09
366,Entry Short,Short,2021-07-15 19:15,1.2505,31,0.05,0.28,8.14,0.38,0.07,0.26,0.02,0
366,Exit Short,Short Exit,2021-07-15 19:20,1.2480,31,0.05,0.28,8.14,0.38,0.07,0.26,0.02,0
367,Entry Short,Short,2021-07-15 21:30,1.2185,32,-0.24,-0.46,7.90,-2,0.08,0.28,0.23,0.5
367,Exit Short,Short Exit,2021-07-15 21:50,1.2251,32,-0.24,-0.46,7.90,-2,0.08,0.28,0.23,0.5
368,Entry Short,Short,2021-07-15 22:20,1.2210,32,0.13,0.49,8.03,1.08,0.14,0.45,0.03,0.01
368,Exit Short,Short Exit,2021-07-15 22:25,1.2160,32,0.13,0.49,8.03,1.08,0.14,0.45,0.03,0.01
369,Entry Short,Short,2021-07-15 22:50,1.2265,32,-0.10,-0.09,7.93,-0.82,0.01,0.11,0.11,0.2
369,Exit Short,Short Exit,2021-07-15 22:55,1.2286,32,-0.10,-0.09,7.93,-0.82,0.01,0.11,0.11,0.2
370,Entry Long,Long,2021-07-16 02:35,1.2138,32,-0.18,-0.48,7.75,-1.55,0,0,0.18,0.46
370,Exit Long,Long Exit,2021-07-16 02:40,1.2090,32,-0.18,-0.48,7.75,-1.55,0,0,0.18,0.46
371,Entry Short,Short,2021-07-16 03:50,1.2183,32,-0.22,-0.41,7.52,-1.9,0,0.04,0.23,0.51
371,Exit Short,Short Exit,2021-07-16 03:55,1.2243,32,-0.22,-0.41,7.52,-1.9,0,0.04,0.23,0.51
372,Entry Short,Short,2021-07-16 08:40,1.2259,32,0.29,0.9,7.82,2.53,0.31,0.86,0.24,0.52
372,Exit Short,Short Exit,2021-07-16 09:35,1.2158,32,0.29,0.9,7.82,2.53,0.31,0.86,0.24,0.52
373,Entry Long,Long,2021-07-16 17:30,1.1997,33,0.02,0.05,7.84,0.18,0.12,0.3,0.03,0.07
373,Exit Long,Long Exit,2021-07-16 17:35,1.2013,33,0.02,0.05,7.84,0.18,0.12,0.3,0.03,0.07
374,Entry Long,Long,2021-07-16 19:50,1.1720,34,-0.20,-0.5,7.64,-1.68,0.14,0.36,0.18,0.46
374,Exit Long,Long Exit,2021-07-16 20:10,1.1671,34,-0.20,-0.5,7.64,-1.68,0.14,0.36,0.18,0.46
375,Entry Long,Long,2021-07-17 04:20,1.2106,33,-0.23,-0.57,7.41,-1.95,0.02,0.06,0.21,0.53
375,Exit Long,Long Exit,2021-07-17 04:30,1.2047,33,-0.23,-0.57,7.41,-1.95,0.02,0.06,0.21,0.53
376,Entry Long,Long,2021-07-17 05:10,1.1952,33,0.08,0.2,7.49,0.71,0.14,0.35,0.04,0.1
376,Exit Long,Long Exit,2021-07-17 05:15,1.1986,33,0.08,0.2,7.49,0.71,0.14,0.35,0.04,0.1
377,Entry Short,Short,2021-07-17 07:30,1.1898,33,0.20,0.68,7.70,1.77,0.23,0.65,0.02,0
377,Exit Short,Short Exit,2021-07-17 07:35,1.1827,33,0.20,0.68,7.70,1.77,0.23,0.65,0.02,0
378,Entry Long,Long,2021-07-17 08:20,1.1823,33,-0.20,-0.51,7.50,-1.71,0,0,0.20,0.51
378,Exit Long,Long Exit,2021-07-17 08:25,1.1772,33,-0.20,-0.51,7.50,-1.71,0,0,0.20,0.51
379,Entry Long,Long,2021-07-17 09:40,1.1783,33,-0.50,-1.28,7.00,-4.32,0.30,0.77,0.48,1.24
379,Exit Long,Long Exit,2021-07-17 10:40,1.1642,33,-0.50,-1.28,7.00,-4.32,0.30,0.77,0.48,1.24
380,Entry Long,Long,2021-07-17 11:30,1.1507,34,0.11,0.28,7.11,0.98,0.20,0.51,0.05,0.14
380,Exit Long,Long Exit,2021-07-17 11:35,1.1548,34,0.11,0.28,7.11,0.98,0.20,0.51,0.05,0.14
381,Entry Short,Short,2021-07-17 12:50,1.1593,34,-0.15,-0.22,6.96,-1.36,0.05,0.21,0.13,0.26
381,Exit Short,Short Exit,2021-07-17 13:00,1.1628,34,-0.15,-0.22,6.96,-1.36,0.05,0.21,0.13,0.26
382,Entry Long,Long,2021-07-17 20:15,1.1565,34,-0.11,-0.29,6.84,-1.03,0.04,0.11,0.15,0.38
382,Exit Long,Long Exit,2021-07-17 20:20,1.1541,34,-0.11,-0.29,6.84,-1.03,0.04,0.11,0.15,0.38
383,Entry Long,Long,2021-07-18 16:10,1.1945,33,-0.10,-0.26,6.74,-0.93,0.03,0.07,0.09,0.22
383,Exit Long,Long Exit,2021-07-18 16:20,1.1924,33,-0.10,-0.26,6.74,-0.93,0.03,0.07,0.09,0.22
384,Entry Long,Long,2021-07-18 17:15,1.1947,33,0.09,0.24,6.84,0.87,0.12,0.29,0.06,0.15
384,Exit Long,Long Exit,2021-07-18 17:20,1.1985,33,0.09,0.24,6.84,0.87,0.12,0.29,0.06,0.15
385,Entry Short,Short,2021-07-19 07:15,1.1862,33,0.22,0.72,7.06,2.03,0.25,0.71,0.03,0
385,Exit Short,Short Exit,2021-07-19 07:20,1.1786,33,0.22,0.72,7.06,2.03,0.25,0.71,0.03,0
386,Entry Long,Long,2021-07-19 08:15,1.1758,34,0.11,0.27,7.16,0.97,0.12,0.31,0.10,0.25
386,Exit Long,Long Exit,2021-07-19 08:40,1.1799,34,0.11,0.27,7.16,0.97,0.12,0.31,0.10,0.25
387,Entry Short,Short,2021-07-19 09:05,1.1785,33,0.17,0.59,7.33,1.5,0.18,0.55,0.27,0.61
387,Exit Short,Short Exit,2021-07-19 09:35,1.1725,33,0.17,0.59,7.33,1.5,0.18,0.55,0.27,0.61
388,Entry Short,Short,2021-07-19 11:35,1.1664,34,-0.33,-0.67,7.00,-2.89,0,0.05,0.31,0.71
388,Exit Short,Short Exit,2021-07-19 12:45,1.1751,34,-0.33,-0.67,7.00,-2.89,0,0.05,0.31,0.71
389,Entry Short,Short,2021-07-19 13:00,1.1705,34,-0.14,-0.19,6.86,-1.28,0,0.05,0.18,0.36
389,Exit Short,Short Exit,2021-07-19 13:05,1.1737,34,-0.14,-0.19,6.86,-1.28,0,0.05,0.18,0.36
390,Entry Short,Short,2021-07-19 16:10,1.1846,33,-0.08,-0.06,6.78,-0.77,0.02,0.12,0.07,0.1
390,Exit Short,Short Exit,2021-07-19 16:15,1.1862,33,-0.08,-0.06,6.78,-0.77,0.02,0.12,0.07,0.1
391,Entry Short,Short,2021-07-19 16:30,1.1809,33,0.20,0.67,6.98,1.85,0.22,0.63,0.08,0.14
391,Exit Short,Short Exit,2021-07-19 17:35,1.1739,33,0.20,0.67,6.98,1.85,0.22,0.63,0.08,0.14
392,Entry Long,Long,2021-07-19 19:15,1.1687,34,-0.08,-0.19,6.90,-0.69,0,0,0.11,0.27
392,Exit Long,Long Exit,2021-07-19 19:20,1.1674,34,-0.08,-0.19,6.90,-0.69,0,0,0.11,0.27
393,Entry Long,Long,2021-07-19 21:20,1.1550,34,-0.17,-0.43,6.73,-1.57,0.01,0.04,0.16,0.39
393,Exit Long,Long Exit,2021-07-19 21:30,1.1509,34,-0.17,-0.43,6.73,-1.57,0.01,0.04,0.16,0.39
394,Entry Long,Long,2021-07-19 23:10,1.1263,35,-0.37,-0.95,6.36,-3.49,0,0,0.36,0.91
394,Exit Long,Long Exit,2021-07-19 23:20,1.1165,35,-0.37,-0.95,6.36,-3.49,0,0,0.36,0.91
395,Entry Short,Short,2021-07-20 00:05,1.1228,35,-0.26,-0.5,6.10,-2.5,0,0.06,0.25,0.55
395,Exit Short,Short Exit,2021-07-20 00:10,1.1293,35,-0.26,-0.5,6.10,-2.5,0,0.06,0.25,0.55
396,Entry Short,Short,2021-07-20 00:30,1.1259,35,0.14,0.52,6.24,1.39,0.16,0.48,0.17,0.35
396,Exit Short,Short Exit,2021-07-20 00:55,1.1210,35,0.14,0.52,6.24,1.39,0.16,0.48,0.17,0.35
397,Entry Long,Long,2021-07-20 01:30,1.1190,35,-0.08,-0.21,6.16,-0.82,0.02,0.05,0.09,0.22
397,Exit Long,Long Exit,2021-07-20 01:35,1.1175,35,-0.08,-0.21,6.16,-0.82,0.02,0.05,0.09,0.22
398,Entry Short,Short,2021-07-20 02:50,1.1268,35,0.02,0.22,6.18,0.24,0.09,0.3,0.02,0
398,Exit Short,Short Exit,2021-07-20 02:55,1.1252,35,0.02,0.22,6.18,0.24,0.09,0.3,0.02,0
399,Entry Short,Short,2021-07-20 08:50,1.1254,35,0.23,0.75,6.41,2.27,0.25,0.71,0.04,0.01
399,Exit Short,Short Exit,2021-07-20 09:00,1.1179,35,0.23,0.75,6.41,2.27,0.25,0.71,0.04,0.01
400,Entry Short,Short,2021-07-20 09:50,1.1252,35,0.18,0.6,6.59,1.68,0.19,0.56,0.04,0.02
400,Exit Short,Short Exit,2021-07-20 09:55,1.1193,35,0.18,0.6,6.59,1.68,0.19,0.56,0.04,0.02
401,Entry Short,Short,2021-07-20 14:40,1.0558,37,-0.31,-0.62,6.28,-2.88,0.003,0.09,0.29,0.66
401,Exit Short,Short Exit,2021-07-20 15:00,1.0632,37,-0.31,-0.62,6.28,-2.88,0.003,0.09,0.29,0.66
402,Entry Short,Short,2021-07-20 15:25,1.0590,37,-0.25,-0.49,6.03,-2.47,0,0.08,0.24,0.53
402,Exit Short,Short Exit,2021-07-20 15:45,1.0650,37,-0.25,-0.49,6.03,-2.47,0,0.08,0.24,0.53
403,Entry Short,Short,2021-07-20 17:10,1.0590,37,0.28,0.88,6.31,2.83,0.30,0.84,0.22,0.48
403,Exit Short,Short Exit,2021-07-20 17:40,1.0505,37,0.28,0.88,6.31,2.83,0.30,0.84,0.22,0.48
404,Entry Long,Long,2021-07-20 18:15,1.0425,38,0.03,0.06,6.34,0.25,0.26,0.66,0.02,0.06
404,Exit Long,Long Exit,2021-07-20 18:20,1.0440,38,0.03,0.06,6.34,0.25,0.26,0.66,0.02,0.06
405,Entry Long,Long,2021-07-20 19:15,1.0222,39,0.17,0.43,6.51,1.65,0.28,0.69,0.02,0.06
405,Exit Long,Long Exit,2021-07-20 19:20,1.0274,39,0.17,0.43,6.51,1.65,0.28,0.69,0.02,0.06
406,Entry Short,Short,2021-07-20 23:50,1.0452,38,-0.21,-0.38,6.29,-2.04,0,0.08,0.20,0.42
406,Exit Short,Short Exit,2021-07-20 23:55,1.0500,38,-0.21,-0.38,6.29,-2.04,0,0.08,0.20,0.42
407,Entry Long,Long,2021-07-21 10:10,1.0464,38,-0.28,-0.7,6.01,-2.71,0,0,0.28,0.71
407,Exit Long,Long Exit,2021-07-21 10:15,1.0399,38,-0.28,-0.7,6.01,-2.71,0,0,0.28,0.71
408,Entry Long,Long,2021-07-22 05:55,1.1540,34,0.05,0.12,6.06,0.47,0.18,0.47,0.02,0.05
408,Exit Long,Long Exit,2021-07-22 06:00,1.1563,34,0.05,0.12,6.06,0.47,0.18,0.47,0.02,0.05
409,Entry Short,Short,2021-07-22 08:00,1.1628,34,0.03,0.24,6.09,0.33,0.07,0.25,0.05,0.05
409,Exit Short,Short Exit,2021-07-22 08:05,1.1609,34,0.03,0.24,6.09,0.33,0.07,0.25,0.05,0.05
410,Entry Long,Long,2021-07-23 06:20,1.1852,33,-0.11,-0.28,5.98,-1.09,0,0,0.09,0.24
410,Exit Long,Long Exit,2021-07-23 06:25,1.1828,33,-0.11,-0.28,5.98,-1.09,0,0,0.09,0.24
411,Entry Long,Long,2021-07-23 18:20,1.1820,33,-0.14,-0.35,5.85,-1.37,0.07,0.19,0.12,0.31
411,Exit Long,Long Exit,2021-07-23 18:30,1.1788,33,-0.14,-0.35,5.85,-1.37,0.07,0.19,0.12,0.31
412,Entry Long,Long,2021-07-23 19:25,1.1702,34,0.03,0.08,5.88,0.33,0.11,0.28,0.02,0.05
412,Exit Long,Long Exit,2021-07-23 19:30,1.1721,34,0.03,0.08,5.88,0.33,0.11,0.28,0.02,0.05
413,Entry Short,Short,2021-07-23 20:35,1.1739,34,0.23,0.74,6.11,2.33,0.25,0.7,0.10,0.18
413,Exit Short,Short Exit,2021-07-23 21:00,1.1662,34,0.23,0.74,6.11,2.33,0.25,0.7,0.10,0.18
414,Entry Long,Long,2021-07-23 21:30,1.1684,34,0.07,0.17,6.18,0.66,0.11,0.29,0.04,0.1
414,Exit Long,Long Exit,2021-07-23 21:35,1.1713,34,0.07,0.17,6.18,0.66,0.11,0.29,0.04,0.1
415,Entry Short,Short,2021-07-24 03:40,1.1537,34,0.14,0.52,6.32,1.4,0.16,0.48,0.02,0
415,Exit Short,Short Exit,2021-07-24 03:45,1.1486,34,0.14,0.52,6.32,1.4,0.16,0.48,0.02,0
416,Entry Short,Short,2021-07-24 04:25,1.1520,34,-0.13,-0.17,6.19,-1.26,0,0.05,0.12,0.24
416,Exit Short,Short Exit,2021-07-24 04:30,1.1549,34,-0.13,-0.17,6.19,-1.26,0,0.05,0.12,0.24
417,Entry Short,Short,2021-07-24 05:00,1.1562,34,-0.13,-0.17,6.06,-1.28,0.07,0.26,0.11,0.21
417,Exit Short,Short Exit,2021-07-24 05:05,1.1591,34,-0.13,-0.17,6.06,-1.28,0.07,0.26,0.11,0.21
418,Entry Long,Long,2021-07-25 05:45,1.2131,32,0.12,0.31,6.18,1.19,0.13,0.35,0.04,0.11
418,Exit Long,Long Exit,2021-07-25 05:50,1.2178,32,0.12,0.31,6.18,1.19,0.13,0.35,0.04,0.11
419,Entry Long,Long,2021-07-25 11:20,1.2137,32,0.17,0.43,6.34,1.64,0.18,0.47,0.13,0.33
419,Exit Long,Long Exit,2021-07-25 11:55,1.2199,32,0.17,0.43,6.34,1.64,0.18,0.47,0.13,0.33
420,Entry Long,Long,2021-07-25 20:20,1.2211,32,-0.12,-0.3,6.23,-1.14,0.04,0.1,0.11,0.29
420,Exit Long,Long Exit,2021-07-25 20:25,1.2184,32,-0.12,-0.3,6.23,-1.14,0.04,0.1,0.11,0.29
421,Entry Long,Long,2021-07-25 21:35,1.2199,32,-0.20,-0.51,6.03,-1.93,0,0,0.18,0.47
421,Exit Long,Long Exit,2021-07-25 21:40,1.2147,32,-0.20,-0.51,6.03,-1.93,0,0,0.18,0.47
422,Entry Long,Long,2021-07-25 22:50,1.2111,33,-0.17,-0.42,5.86,-1.67,0.11,0.27,0.15,0.38
422,Exit Long,Long Exit,2021-07-25 23:00,1.2070,33,-0.17,-0.42,5.86,-1.67,0.11,0.27,0.15,0.38
423,Entry Short,Short,2021-07-26 01:05,1.2027,33,0.09,0.4,5.96,0.95,0.11,0.36,0.04,0.02
423,Exit Short,Short Exit,2021-07-26 01:10,1.1989,33,0.09,0.4,5.96,0.95,0.11,0.36,0.04,0.02
424,Entry Long,Long,2021-07-26 02:15,1.1992,33,0.09,0.24,6.05,0.94,0.11,0.28,0.09,0.22
424,Exit Long,Long Exit,2021-07-26 02:20,1.2030,33,0.09,0.24,6.05,0.94,0.11,0.28,0.09,0.22
425,Entry Long,Long,2021-07-26 22:35,1.3261,30,-0.005,-0.01,6.04,-0.05,0.13,0.32,0.05,0.12
425,Exit Long,Long Exit,2021-07-26 22:40,1.3270,30,-0.005,-0.01,6.04,-0.05,0.13,0.32,0.05,0.12
426,Entry Long,Long,2021-07-26 23:15,1.3295,30,-0.16,-0.4,5.89,-1.57,0.06,0.16,0.14,0.36
426,Exit Long,Long Exit,2021-07-26 23:30,1.3253,30,-0.16,-0.4,5.89,-1.57,0.06,0.16,0.14,0.36
427,Entry Long,Long,2021-07-27 07:00,1.2598,31,0.31,0.78,6.19,3.1,0.36,0.92,0.24,0.61
427,Exit Long,Long Exit,2021-07-27 07:05,1.2707,31,0.31,0.78,6.19,3.1,0.36,0.92,0.24,0.61
428,Entry Short,Short,2021-07-27 08:10,1.2570,31,0.37,1.11,6.57,3.65,0.39,1.07,0.48,1.15
428,Exit Short,Short Exit,2021-07-27 09:10,1.2440,31,0.37,1.11,6.57,3.65,0.39,1.07,0.48,1.15
429,Entry Long,Long,2021-07-27 12:20,1.2227,32,0.17,0.43,6.73,1.58,0.19,0.48,0.02,0.06
429,Exit Long,Long Exit,2021-07-27 12:25,1.2289,32,0.17,0.43,6.73,1.58,0.19,0.48,0.02,0.06
430,Entry Short,Short,2021-07-27 13:05,1.2239,32,-0.30,-0.61,6.43,-2.83,0,0.06,0.31,0.7
430,Exit Short,Short Exit,2021-07-27 13:10,1.2324,32,-0.30,-0.61,6.43,-2.83,0,0.06,0.31,0.7
431,Entry Short,Short,2021-07-27 13:30,1.2279,32,-0.28,-0.56,6.14,-2.73,0.09,0.3,0.27,0.6
431,Exit Short,Short Exit,2021-07-27 13:45,1.2358,32,-0.28,-0.56,6.14,-2.73,0.09,0.3,0.27,0.6
432,Entry Long,Long,2021-07-28 02:15,1.2456,32,0.14,0.35,6.28,1.36,0.15,0.39,0.07,0.18
432,Exit Long,Long Exit,2021-07-28 02:40,1.2509,32,0.14,0.35,6.28,1.36,0.15,0.39,0.07,0.18
433,Entry Short,Short,2021-07-28 04:20,1.2472,32,-0.23,-0.41,6.05,-2.21,0.04,0.19,0.21,0.45
433,Exit Short,Short Exit,2021-07-28 04:30,1.2533,32,-0.23,-0.41,6.05,-2.21,0.04,0.19,0.21,0.45
434,Entry Short,Short,2021-07-28 05:00,1.2434,32,-0.54,-1.19,5.52,-5.35,0.01,0.1,0.60,1.43
434,Exit Short,Short Exit,2021-07-28 05:05,1.2592,32,-0.54,-1.19,5.52,-5.35,0.01,0.1,0.60,1.43
435,Entry Long,Long,2021-07-28 23:20,1.2861,31,-0.15,-0.38,5.36,-1.6,0.01,0.03,0.14,0.34
435,Exit Long,Long Exit,2021-07-28 23:30,1.2822,31,-0.15,-0.38,5.36,-1.6,0.01,0.03,0.14,0.34
436,Entry Short,Short,2021-07-29 02:05,1.3004,30,-0.17,-0.27,5.20,-1.78,0,0.05,0.15,0.31
436,Exit Short,Short Exit,2021-07-29 02:10,1.3049,30,-0.17,-0.27,5.20,-1.78,0,0.05,0.15,0.31
437,Entry Short,Short,2021-07-29 07:05,1.2803,31,-0.14,-0.19,5.06,-1.53,0.02,0.13,0.13,0.25
437,Exit Short,Short Exit,2021-07-29 07:10,1.2838,31,-0.14,-0.19,5.06,-1.53,0.02,0.13,0.13,0.25
438,Entry Short,Short,2021-07-29 07:30,1.2852,31,0.02,0.2,5.08,0.2,0.13,0.41,0.02,0
438,Exit Short,Short Exit,2021-07-29 07:35,1.2836,31,0.02,0.2,5.08,0.2,0.13,0.41,0.02,0
439,Entry Short,Short,2021-07-29 09:05,1.2771,31,-0.38,-0.79,4.70,-4.14,0.04,0.19,0.36,0.83
439,Exit Short,Short Exit,2021-07-29 09:10,1.2882,31,-0.38,-0.79,4.70,-4.14,0.04,0.19,0.36,0.83
440,Entry Short,Short,2021-07-29 09:25,1.2805,31,0.24,0.77,4.94,2.77,0.26,0.73,0.02,0
440,Exit Short,Short Exit,2021-07-29 09:45,1.2717,31,0.24,0.77,4.94,2.77,0.26,0.73,0.02,0
441,Entry Short,Short,2021-07-29 20:40,1.2729,31,0.28,0.86,5.22,3.08,0.29,0.82,0.04,0.01
441,Exit Short,Short Exit,2021-07-29 20:45,1.2630,31,0.28,0.86,5.22,3.08,0.29,0.82,0.04,0.01
442,Entry Long,Long,2021-07-29 21:30,1.2694,31,0.17,0.43,5.39,1.84,0.19,0.47,0.16,0.4
442,Exit Long,Long Exit,2021-07-29 22:10,1.2759,31,0.17,0.43,5.39,1.84,0.19,0.47,0.16,0.4